index,activity_weight,evening,overnight
0,0.544,true,false
1,1.015,true,false
2,3.000,true,true
3,1.664,true,false
4,0.892,true,true
5,0.415,false,false
6,0.319,true,true
7,0.501,true,true
8,1.034,false,false
9,3.000,false,false
10,0.963,true,false
11,1.523,true,true
12,0.401,true,false
13,0.567,true,false
14,0.652,true,false
15,1.478,true,true
16,0.398,false,false
17,0.965,false,false
18,0.893,false,false
19,2.691,false,false
20,0.971,true,false
21,0.390,false,false
22,0.907,true,false
23,0.561,false,false
24,1.291,false,false
25,0.300,true,true
26,0.930,true,true
27,0.784,true,true
28,1.811,true,false
29,1.271,false,false
30,3.000,false,false
31,3.000,true,false
32,0.300,true,true
33,1.670,true,false
34,3.000,false,false
35,2.546,false,false
36,0.468,false,false
37,0.300,true,false
38,0.679,true,false
39,0.830,true,false
40,0.813,false,false
41,2.402,false,false
42,3.000,false,false
43,0.635,false,false
44,0.864,true,false
45,0.517,true,true
46,0.300,true,true
47,0.300,true,true
48,0.983,true,false
49,3.000,true,true
50,0.738,false,false
51,0.750,false,false
52,0.501,true,true
53,0.300,false,false
54,1.074,true,false
55,3.000,true,false
56,0.456,true,false
57,0.962,true,true
58,1.037,true,false
59,0.534,true,false
60,0.358,false,false
61,2.746,true,false
62,1.263,false,false
63,0.300,true,false
64,1.523,false,false
65,0.845,true,true
66,0.421,true,false
67,1.755,true,true
68,2.105,true,false
69,1.780,true,false
70,0.990,false,false
71,0.493,false,false
72,3.000,true,false
73,0.693,true,false
74,0.305,true,false
75,0.845,true,true
76,0.432,true,false
77,0.448,true,false
78,0.863,false,false
79,0.300,false,false
