vid,pid,type,name,policy,weight
0951,1666,Removable Storage Devices,Kingston DataTraveler 3.0,approved,30
0781,5581,Removable Storage Devices,SanDisk Ultra,approved,25
8564,1000,Removable Storage Devices,JetFlash Mass Storage Device,approved,12
18A5,0302,Removable Storage Devices,Verbatim STORE N GO,approved,8
04E8,4001,External HDDs / portable hard disks,Samsung PSSD T7,approved,15
1058,25E2,External HDDs / portable hard disks,WD My Passport 25E2,approved,10
05AC,12A8,iPods / iPhones / iPads,Apple iPhone,personal,35
04E8,6860,Smartphones / Handhelds / PDAs,SAMSUNG Mobile USB Modem,personal,25
058F,6387,Removable Storage Devices,Generic Flash Disk,personal,25
090C,1000,Removable Storage Devices,Silicon Motion Flash Drive,personal,15
