id,name,severity,weight,request
1011161,Centreon 'graph-split.php' SQL Injection Vulnerability,8,9,GET /centreon/include/views/graphs/graph-split.php?chartId=1%27%20OR%201=1 HTTP/1.1
1011163,Spring Boot Actuator Directory Traversal Vulnerability (CVE-2021-21234),8,14,GET /manage/log/view?filename=/etc/passwd&base=../../../../ HTTP/1.1
1011103,PHPUnit Remote Code Execution Vulnerability (CVE-2017-9841),10,22,POST /vendor/phpunit/phpunit/src/Util/PHP/eval-stdin.php HTTP/1.1
1010942,WordPress XML External Entity Injection Vulnerability (CVE-2021-29447),6,12,POST /wp-admin/async-upload.php HTTP/1.1
1011143,WordPress 'ProfilePress' Plugin Privilege Escalation Vulnerability (CVE-2021-34621),8,8,POST /wp-admin/admin-ajax.php?action=pp_ajax_signup HTTP/1.1
1011167,VMware vCenter Server File Upload Vulnerability (CVE-2021-22005),10,10,POST /analytics/telemetry/ph/api/hyper/send?_c=&_i=/stage HTTP/1.1
1011096,Oracle WebLogic Server Remote Code Execution Vulnerability (CVE-2021-2394),10,7,POST /wls-wsat/CoordinatorPortType HTTP/1.1
1011153,FasterXML jackson-databind Malicious JSON Objects Multiple Remote Code Execution Vulnerabilities,8,6,POST /api/v1/import HTTP/1.1
1011120,WebSVN Command Injection Vulnerability (CVE-2021-32305),8,5,GET /websvn/search.php?search=%22;id;%22 HTTP/1.1
1011162,Zoho ManageEngine OpManager 'GetDataCollectionFailureReason' SQL Injection Vulnerability (CVE-2021-40493),8,4,GET /api/json/admin/GetDataCollectionFailureReason?deviceName=1%27 HTTP/1.1
1011159,Squid HTTP Request Smuggling Vulnerability (CVE-2019-18678),6,3,GET / HTTP/1.1
