login,site,role
g.zakharov,vladivostok,user
v.mishin,ekb,user
e.vlasov,yaroslavl,user
z.kuzmina,rostov,user
s.lazareva,yaroslavl,user
o.belova,rostov,user
y.ignatiev,penza,user
k.trofimova,omsk,user
i.denisova,tambov,user
l.zhuravlev,chelyabinsk,user
t.ignatiev,omsk,user
k.popov,lipetsk,user
a.golubev,tula,user
a.makarov,vladivostok,user
g.shcherbakov,belgorod,user
t.gavrilova,orenburg,user
e.ershova,bryansk,user
o.prokhorova,moscow-2,user
m.maksimova,kirov,user
a.dmitrieva,novosibirsk,user
t.zaitsev,kirov,user
s.mikhailov,kirov,user
l.denisov,kursk,user
l.volkov,samara,user
p.vorobiev,izhevsk,user
i.mironova,yaroslavl,user
e.martynov,tyumen,user
l.suvorov,perm,user
b.gorbunov,volgograd,user
l.lukin,chelyabinsk,user
m.dmitriev,kazan,user
k.polyakova,nnovgorod,user
g.osipov,tula,user
s.filippova,smolensk,user
t.vasilieva,krasnodar,user
o.komarova,tula,user
p.medvedev,yaroslavl,user
l.maksimov,ekb,user
y.andreev,moscow-2,user
n.kuznetsova,yaroslavl,user
o.karpova,ekb,user
t.sidorova,vladivostok,user
z.belyaeva,tomsk,user
t.mikhailov,murmansk,user
a.bespalov,rostov,user
l.lukina,ryazan,user
e.grigorieva,smolensk,user
t.kotova,perm,user
e.komarova,moscow-2,user
m.gerasimova,vladivostok,user
l.semenov,chelyabinsk,user
l.danilov,tula,user
v.golovina,irkutsk,user
z.sukhanova,spb,user
a.martynov,lipetsk,user
t.mikhailova,orenburg,user
z.gavrilova,volgograd,user
v.romanov,murmansk,user
i.gerasimova,orenburg,user
m.gerasimov,murmansk,user
n.trofimov,ekb,user
l.gerasimov,kirov,user
m.bespalova,irkutsk,user
l.karpov,vologda,user
i.konovalov,omsk,user
v.egorova,ekb,user
e.stepanov,chelyabinsk,user
g.medvedev,tula,user
z.mishina,rostov,user
i.rodionova,ekb,user
k.sorokina,penza,user
g.makarov,smolensk,user
o.belyaev,rostov,user
i.nikolaev,rostov,user
e.mishin,tula,user
k.belov,voronezh,user
s.antonov,smolensk,user
y.timofeev,nnovgorod,user
n.polyakova,vladivostok,user
r.shcherbakov,moscow-2,user
e.egorov,rostov,user
a.tarasova,tula,user
m.medvedeva,smolensk,user
e.kiselev,rostov,user
k.borisov,tyumen,user
l.denisova,rostov,user
i.fadeeva,moscow-hq,user
t.martynova,kazan,user
e.ignatiev,vologda,user
e.zueva,perm,user
y.denisenko,ekb,user
d.chernov,belgorod,user
o.volkova,voronezh,user
e.savin,ekb,user
l.osipova,vologda,user
m.timofeeva,kirov,user
o.solovieva,ekb,user
y.abramova,chelyabinsk,user
e.golovina,tver,user
a.kotova,bryansk,user
y.novikova,nnovgorod,user
e.kotov,kaluga,user
m.shcherbakov,volgograd,user
i.zhuravleva,murmansk,user
s.shcherbakov,tyumen,user
s.medvedeva,tula,user
s.voronov,tambov,user
p.kulikov,spb,user
v.shubin,krasnodar,user
v.fedorova,tula,user
k.filippov,nnovgorod,user
o.voronova,kaluga,user
t.volkov,orenburg,user
e.alekseev,tula,user
t.petrov,ekb,user
m.kozlov,kaluga,user
d.kondratiev,novosibirsk,user
a.lazareva,chelyabinsk,user
m.voronova,kirov,user
e.lazarev,tver,user
m.gavrilov,ufa,user
s.semenova,lipetsk,user
v.fadeeva,ekb,user
t.vlasova,irkutsk,user
y.filippova,vladivostok,user
y.ershova,tula,user
n.bobrova,belgorod,user
y.nikolaeva,ufa,user
o.polyakova,chelyabinsk,user
z.melnikova,tyumen,user
y.filippov,samara,user
r.prokhorov,khabarovsk,user
k.korolev,kursk,user
d.zakharov,samara,user
o.markova,orenburg,user
t.tikhonov,ufa,user
e.voronov,chelyabinsk,user
t.baranova,kaluga,user
a.frolov,rostov,user
n.fadeeva,tambov,user
v.kuznetsov,nnovgorod,user
z.borisova,tambov,user
y.konovalov,rostov,user
k.sidorova,perm,user
v.guseva,kirov,user
a.nikolaeva,khabarovsk,user
m.afanasieva,rostov,user
n.gerasimov,penza,user
t.bogdanova,ufa,user
k.andreev,ekb,user
m.kudryavtseva,perm,user
a.nikolaev,kaluga,user
i.belousov,samara,user
z.ershova,nnovgorod,user
p.afanasiev,irkutsk,user
s.baranov,moscow-2,user
i.stepanova,tula,user
o.zhuravlev,tambov,user
i.vasilieva,perm,user
p.tikhonov,spb,user
z.kozlova,kirov,user
v.kotova,vladivostok,user
a.volkova,voronezh,user
e.melnikova,ekb,user
e.zhuravlev,kursk,user
t.zuev,ufa,user
v.belova,moscow-hq,user
v.trofimov,spb,user
m.orlova,izhevsk,user
y.voronov,kaluga,user
o.ershov,moscow-2,user
t.vorobieva,omsk,user
y.gorbunova,rostov,user
v.kotov,ryazan,user
o.orlova,omsk,user
m.nazarov,murmansk,user
s.lazarev,volgograd,user
b.suvorov,ryazan,user
m.gorbunova,chelyabinsk,user
b.rodionov,smolensk,user
i.tikhonov,tambov,user
t.petrova,rostov,user
s.golubeva,rostov,user
n.sorokina,kirov,user
g.sukhanov,murmansk,user
o.osipova,saratov,user
n.kiselev,smolensk,user
n.fedorova,vologda,user
o.martynov,omsk,user
l.polyakova,murmansk,user
v.afanasieva,volgograd,user
y.vlasova,belgorod,user
i.filippova,nnovgorod,user
n.semenov,rostov,user
y.mikhailova,murmansk,user
i.kovalev,kirov,user
s.zakharova,nnovgorod,user
a.konovalov,vladivostok,user
n.tarasov,moscow-2,user
l.kuzmina,omsk,user
o.sidorov,spb,user
y.efremov,tyumen,user
l.shcherbakov,novosibirsk,user
i.borisova,ekb,user
p.mikhailov,kursk,admin
v.vlasov,volgograd,user
v.zaitsev,rostov,user
n.ivanova,belgorod,user
m.bobrov,kaluga,user
t.voronova,smolensk,user
l.vlasova,tula,user
s.zaitsev,murmansk,user
m.panova,chelyabinsk,user
a.gusev,nnovgorod,user
l.smirnova,rostov,user
o.sokolov,lipetsk,user
v.bogdanov,lipetsk,user
a.bespalova,nnovgorod,user
o.kiseleva,ufa,user
k.karpov,khabarovsk,user
v.sorokin,ekb,user
l.kiselev,moscow-2,user
m.kuznetsov,krasnodar,user
a.nikitin,kirov,user
n.yakovlev,yaroslavl,user
v.polyakova,kursk,user
e.chernova,rostov,user
i.mironov,moscow-hq,user
t.mironova,nnovgorod,user
i.morozova,volgograd,user
k.popova,volgograd,user
k.gerasimova,moscow-hq,user
b.volkov,kaluga,user
y.gerasimova,yaroslavl,user
m.pavlova,moscow-2,user
r.antonov,nnovgorod,user
b.loginov,belgorod,user
v.kovaleva,smolensk,user
e.nikolaeva,kursk,user
n.abramova,belgorod,user
o.danilov,rostov,user
v.denisenko,volgograd,user
z.golubeva,omsk,user
t.zhukov,moscow-2,user
i.maksimova,voronezh,user
g.ignatiev,kirov,user
m.bobrova,kazan,user
t.loginov,krasnodar,user
t.rybakova,ekb,user
n.lukin,nnovgorod,user
e.polyakova,krasnodar,user
i.lazarev,krasnodar,user
v.isaev,kursk,user
v.shcherbakova,krasnodar,admin
i.mikhailov,lipetsk,user
v.nazarova,omsk,user
n.isaeva,kirov,user
d.mikhailov,tomsk,user
s.baranova,kirov,user
a.karpov,omsk,user
y.mishin,tula,user
k.efimov,vladivostok,user
k.golovina,tula,user
o.ignatieva,penza,user
t.antonova,kaluga,user
v.fedorov,nnovgorod,user
n.bespalov,rostov,user
e.tarasov,omsk,user
t.novikova,vladivostok,user
n.zakharov,moscow-2,user
o.gavrilova,rostov,user
z.zhuravleva,spb,user
e.orlova,penza,user
b.stepanov,orenburg,user
n.nikitin,chelyabinsk,user
n.efimov,novosibirsk,admin
v.vorobieva,moscow-2,user
t.stepanova,samara,user
p.stepanov,yaroslavl,user
l.isaeva,spb,user
d.efimov,volgograd,user
s.petrov,penza,user
e.fadeev,kursk,user
y.komarova,lipetsk,user
z.gromova,tambov,user
m.tarasov,khabarovsk,user
n.belousov,rostov,user
m.sokolov,ekb,user
o.mironov,tver,user
i.osipova,omsk,user
z.danilova,saratov,user
i.lazareva,kirov,user
n.efimova,kazan,user
s.kalinin,izhevsk,user
m.karpova,spb,user
t.zueva,penza,user
m.gavrilova,lipetsk,user
y.kovalev,nnovgorod,user
p.ivanov,tula,user
l.shubina,yaroslavl,user
v.nikolaeva,chelyabinsk,user
s.borisov,orenburg,user
i.bobrova,krasnodar,user
d.alekseev,kirov,user
n.sidorov,penza,user
n.soloviev,belgorod,user
o.sorokin,omsk,user
d.kalinin,krasnodar,admin
o.panov,spb,user
n.titova,yaroslavl,user
t.mishina,samara,user
r.golovin,tyumen,user
p.zaitsev,krasnodar,user
z.orlova,smolensk,user
v.loginov,ekb,user
k.mikhailov,perm,user
t.loginova,ufa,user
k.kondratiev,irkutsk,user
t.panova,orenburg,user
m.zhuravleva,saratov,user
o.chernova,murmansk,user
m.kalinina,bryansk,user
r.yakovlev,omsk,user
m.vlasova,vladivostok,user
l.bespalov,penza,user
s.panov,chelyabinsk,user
m.kulikov,rostov,user
d.bogdanov,tambov,user
o.medvedeva,spb,user
y.gusev,tambov,user
y.karpova,ufa,user
o.borisova,tyumen,user
s.dmitriev,astrakhan,user
v.karpov,irkutsk,user
k.maksimova,vladivostok,user
l.petrova,volgograd,user
g.mironov,vologda,user
a.markov,tomsk,user
a.nazarova,yaroslavl,user
p.mironov,vladivostok,user
a.denisova,lipetsk,user
m.novikova,kirov,user
t.borisov,irkutsk,user
t.alekseev,vladivostok,user
a.timofeev,penza,user
a.grigoriev,spb,user
t.dmitrieva,chelyabinsk,user
t.mishin,novosibirsk,user
r.vorobiev,smolensk,user
o.kozlov,kursk,user
v.kalinin,moscow-2,user
t.belyaeva,tula,user
r.danilov,ekb,user
t.gusev,belgorod,user
t.vorobiev,omsk,user
d.denisenko,saratov,user
z.bykova,tula,user
n.makarova,moscow-hq,user
n.makarov,samara,user
v.maksimov,kazan,user
y.tarasova,izhevsk,user
e.vorobiev,moscow-2,user
l.fomina,kaluga,user
t.belousova,penza,user
o.melnikov,kirov,user
k.timofeev,ufa,user
e.trofimova,orenburg,user
k.alekseev,ekb,user
n.krylova,samara,user
l.karpova,nnovgorod,user
i.isaeva,volgograd,user
v.ignatieva,murmansk,user
n.morozov,moscow-hq,user
t.smirnova,omsk,user
e.pavlov,chelyabinsk,user
a.golubeva,kirov,user
d.nazarov,chelyabinsk,user
z.solovieva,kazan,user
n.gorbunova,ryazan,user
s.petrova,lipetsk,user
a.martynova,murmansk,user
y.kudryavtsev,orenburg,user
i.andreeva,bryansk,user
a.konovalova,izhevsk,user
d.sokolov,smolensk,user
v.gromov,omsk,user
m.belyaev,ufa,user
i.suvorova,rostov,user
m.fomina,krasnodar,user
m.bykov,vladivostok,user
o.andreeva,rostov,user
v.ilin,kursk,user
g.mishin,chelyabinsk,user
a.ignatiev,omsk,user
y.medvedev,moscow-hq,user
g.kuzmin,tyumen,user
b.sidorov,volgograd,user
y.yakovlev,rostov,user
o.efremova,lipetsk,user
a.baranova,tula,user
z.chernova,perm,user
n.mikhailova,moscow-hq,user
m.danilov,volgograd,user
y.bogdanova,kaluga,user
r.gerasimov,ufa,user
g.kozlov,tomsk,user
i.afanasiev,moscow-2,user
p.belyaev,murmansk,user
n.zhuravleva,kirov,user
v.konovalova,kaluga,user
i.gromov,smolensk,user
y.kozlova,penza,user
r.novikov,volgograd,user
g.frolov,orenburg,user
s.kuzmin,kirov,user
m.komarova,spb,user
s.zhukov,orenburg,user
i.denisenko,ryazan,user
a.voronov,tula,user
e.kuznetsova,moscow-hq,user
k.vorobieva,astrakhan,user
y.smirnov,vladivostok,user
p.gerasimov,khabarovsk,user
a.timofeeva,smolensk,user
z.konovalova,novosibirsk,user
r.karpov,novosibirsk,user
o.efimov,rostov,user
y.shubin,vladivostok,user
p.andreev,ryazan,user
i.gavrilova,belgorod,user
z.makarova,izhevsk,user
i.melnikov,izhevsk,user
i.osipov,belgorod,user
k.sokolov,kaluga,user
z.denisova,kazan,user
l.kondratieva,nnovgorod,user
l.ivanova,rostov,user
a.bykova,penza,user
a.pavlova,rostov,user
y.chernov,kirov,user
p.kotov,saratov,user
i.semenova,kirov,user
y.konovalova,kursk,user
o.volkov,saratov,user
p.melnikov,rostov,user
n.prokhorova,volgograd,user
m.volkov,yaroslavl,user
e.isaev,kirov,user
l.belyaeva,kaluga,user
e.sidorov,penza,user
i.timofeev,spb,user
m.isaeva,vladivostok,user
l.fedorov,samara,user
p.ignatiev,chelyabinsk,user
a.gromov,chelyabinsk,user
e.abramov,tula,user
d.novikov,yaroslavl,user
n.baranov,yaroslavl,user
k.belyaeva,ekb,user
k.tarasov,ekb,user
v.bogdanova,voronezh,user
l.gusev,samara,user
l.kiseleva,murmansk,user
e.vorobieva,krasnodar,user
m.borisova,perm,user
t.zakharova,orenburg,user
k.suvorova,omsk,user
e.bobrova,omsk,user
s.bogdanova,kirov,user
m.zuev,ekb,user
v.popova,kazan,user
i.shcherbakova,chelyabinsk,user
g.tikhonov,irkutsk,user
s.rybakova,kirov,user
i.gorbunov,izhevsk,user
o.golubev,tyumen,user
o.kuznetsova,chelyabinsk,user
y.medvedeva,spb,user
v.vorobiev,kirov,user
v.vasiliev,kaluga,user
t.gorbunov,chelyabinsk,user
t.belova,penza,user
l.timofeeva,rostov,user
i.trofimova,ekb,user
t.medvedeva,murmansk,user
g.efremov,yaroslavl,user
i.konovalova,ekb,user
m.yakovleva,bryansk,user
n.mikhailov,krasnodar,user
k.efimova,ekb,user
a.lebedeva,rostov,user
l.zhukov,smolensk,user
a.trofimova,nnovgorod,user
k.gerasimov,tambov,user
n.fomina,spb,user
v.panov,belgorod,user
z.timofeeva,tver,user
z.prokhorova,penza,user
i.zakharov,spb,user
z.stepanova,orenburg,user
g.efimov,tyumen,user
s.guseva,ekb,user
z.vorobieva,penza,user
r.stepanov,volgograd,user
t.titova,moscow-2,user
a.sergeeva,moscow-2,user
p.shcherbakov,izhevsk,user
n.kuzmina,krasnodar,user
a.kozlov,moscow-hq,user
l.stepanova,perm,user
b.tarasov,astrakhan,user
e.gromov,tomsk,user
g.kuznetsov,yaroslavl,user
k.rybakova,tula,user
r.korolev,kaluga,user
g.andreev,nnovgorod,user
v.makarov,lipetsk,user
l.yakovlev,yaroslavl,user
k.filippova,kursk,user
a.mishina,spb,user
l.nazarov,belgorod,admin
z.belova,nnovgorod,user
a.belov,ekb,user
k.novikov,spb,user
s.stepanov,murmansk,user
o.orlov,ufa,user
l.zhuravleva,vladivostok,user
m.golovin,nnovgorod,user
t.andreev,tomsk,user
n.efremov,moscow-2,user
a.gromova,kaluga,user
o.sorokina,vladivostok,user
e.gorbunov,lipetsk,user
e.borisova,volgograd,user
m.popova,nnovgorod,user
n.ignatiev,orenburg,admin
s.frolov,perm,user
i.zaitsev,ekb,user
m.gorbunov,moscow-2,user
z.nikitina,ufa,user
z.nazarova,kirov,user
m.fadeeva,kazan,user
i.grigoriev,nnovgorod,user
r.timofeev,kaluga,user
o.kudryavtseva,vladivostok,user
n.shubin,moscow-hq,user
d.soloviev,penza,user
a.rodionova,bryansk,user
n.petrov,vologda,user
y.zueva,lipetsk,user
b.morozov,chelyabinsk,user
s.pavlov,kirov,user
t.golubev,moscow-2,user
a.danilova,kaluga,user
p.volkov,chelyabinsk,user
y.gerasimov,chelyabinsk,user
t.yakovlev,krasnodar,user
v.mironova,kaluga,user
s.efimov,volgograd,user
m.belova,omsk,user
m.baranov,izhevsk,user
d.markov,moscow-2,user
v.karpova,samara,user
r.efremov,tver,user
y.petrova,ufa,user
s.andreeva,tula,user
m.sergeeva,penza,admin
y.bykova,nnovgorod,user
v.efimova,rostov,user
e.efremova,astrakhan,user
n.prokhorov,smolensk,user
l.rodionova,smolensk,user
v.gerasimova,omsk,user
t.semenova,astrakhan,user
y.melnikova,moscow-2,user
a.komarova,rostov,user
k.afanasiev,samara,user
o.vasiliev,murmansk,user
a.yakovleva,ufa,user
o.alekseeva,vladivostok,user
t.ilin,novosibirsk,user
a.titova,tambov,user
e.mikhailova,yaroslavl,user
k.bogdanov,nnovgorod,user
t.bobrova,kirov,user
k.polyakov,volgograd,user
t.ilina,tomsk,user
e.belyaeva,krasnodar,user
y.volkova,lipetsk,user
v.timofeeva,ufa,user
t.morozov,irkutsk,user
y.danilova,tambov,user
i.gorbunova,chelyabinsk,user
z.dmitrieva,penza,user
g.vasiliev,volgograd,user
p.romanov,moscow-2,user
v.stepanova,tula,user
k.tikhonova,tver,user
m.semenov,moscow-hq,user
m.sorokin,rostov,user
l.efimov,tula,user
e.tikhonova,murmansk,user
z.fedorova,voronezh,user
l.nazarova,vladivostok,user
l.vasilieva,tula,user
m.suvorova,irkutsk,user
v.bobrova,ekb,user
s.polyakova,tula,user
n.smirnova,ryazan,user
i.frolov,ekb,user
s.romanov,murmansk,user
a.kuzmin,murmansk,user
m.belousova,vologda,user
l.kuznetsova,moscow-2,user
k.loginova,chelyabinsk,user
i.kuzmin,lipetsk,user
y.kalinina,spb,user
r.lebedev,moscow-2,user
t.antonov,chelyabinsk,user
p.komarov,perm,user
v.komarov,yaroslavl,user
e.kiseleva,lipetsk,user
k.volkova,vladivostok,user
e.konovalova,ekb,user
l.frolov,saratov,user
l.denisenko,samara,user
n.kiseleva,volgograd,user
y.savina,ufa,user
n.fadeev,ufa,user
y.fadeev,novosibirsk,user
m.grigorieva,tula,user
d.baranov,murmansk,user
e.fomina,tomsk,user
k.konovalova,samara,user
v.antonova,orenburg,user
s.alekseeva,yaroslavl,user
o.panova,penza,user
y.sokolov,samara,user
a.prokhorov,vladivostok,user
y.kiseleva,nnovgorod,user
o.rodionov,penza,user
i.kozlova,vologda,user
p.makarov,voronezh,user
v.medvedev,orenburg,user
v.kalinina,kirov,user
p.konovalov,tyumen,user
a.kudryavtseva,saratov,user
n.sergeev,tula,user
y.nazarova,ufa,user
l.makarova,ekb,user
n.tikhonova,spb,user
o.sidorova,kursk,user
g.dmitriev,ufa,user
s.golovina,tula,user
a.isaeva,yaroslavl,user
l.golovina,kursk,user
i.sokolov,nnovgorod,user
s.gorbunova,samara,user
v.nazarov,tula,user
v.makarova,kaluga,user
m.alekseev,ekb,user
a.abramova,omsk,user
l.koroleva,ekb,user
t.kuzmin,yaroslavl,user
t.morozova,spb,user
k.suvorov,moscow-2,user
t.abramova,ekb,user
o.kuzmin,belgorod,user
i.bykov,ufa,user
m.chernova,irkutsk,user
n.shcherbakov,voronezh,user
e.sergeeva,tver,user
r.medvedev,ufa,user
a.filippov,samara,user
b.filippov,rostov,user
l.osipov,rostov,user
v.osipova,belgorod,user
k.belousova,smolensk,user
a.fedorov,ekb,user
a.sidorov,tomsk,user
v.medvedeva,krasnodar,user
n.medvedeva,tambov,user
r.mishin,rostov,user
l.timofeev,kursk,user
z.rybakova,ekb,user
o.frolova,tula,user
o.zaitseva,ufa,user
n.semenova,tver,user
k.soloviev,perm,user
o.romanov,omsk,user
e.kozlov,saratov,user
n.ignatieva,tula,user
a.bobrov,krasnodar,user
k.medvedeva,novosibirsk,user
s.tarasova,nnovgorod,user
p.maksimov,tyumen,user
l.morozova,kirov,user
t.isaeva,izhevsk,user
y.maksimova,moscow-hq,user
n.kovalev,ekb,user
a.sorokin,irkutsk,user
e.grigoriev,yaroslavl,user
d.timofeev,ekb,user
z.martynova,chelyabinsk,user
o.fadeev,moscow-2,user
m.zaitseva,penza,admin
a.fomin,volgograd,user
n.popov,nnovgorod,user
g.voronov,penza,user
s.savin,nnovgorod,user
v.yakovlev,khabarovsk,user
n.alekseev,omsk,user
z.belousova,volgograd,user
i.egorov,chelyabinsk,user
s.belousov,tambov,user
a.ilin,lipetsk,user
i.chernova,volgograd,user
t.gerasimov,krasnodar,user
s.belousova,ufa,user
m.soloviev,ekb,user
l.kudryavtseva,tula,user
o.mishin,lipetsk,user
r.volkov,kazan,user
i.romanova,omsk,user
s.kiseleva,kursk,user
n.komarov,voronezh,user
v.sergeeva,orenburg,user
i.orlov,samara,user
v.isaeva,krasnodar,user
o.vlasov,tyumen,user
l.nikitina,tambov,user
e.bogdanov,orenburg,user
k.bogdanova,belgorod,user
y.bykov,kirov,user
t.gavrilov,tyumen,user
k.bykov,tver,user
s.smirnova,moscow-2,user
m.filippova,moscow-2,user
v.orlov,vladivostok,user
e.solovieva,kirov,user
y.gavrilov,moscow-2,user
l.baranov,irkutsk,user
y.bespalova,smolensk,user
n.borisov,lipetsk,user
y.fedorov,tula,user
a.alekseeva,khabarovsk,user
d.panov,kirov,user
k.vorobiev,orenburg,user
t.bobrov,ufa,user
m.tarasova,voronezh,user
y.grigorieva,orenburg,user
k.golovin,krasnodar,user
l.mishin,tomsk,user
e.panov,ekb,user
v.korolev,perm,user
t.shcherbakova,kursk,user
k.danilova,vladivostok,user
t.sukhanova,penza,user
y.volkov,ryazan,user
m.kotova,nnovgorod,user
k.fomina,tver,user
i.kalinina,nnovgorod,user
g.tarasov,belgorod,user
v.lebedeva,voronezh,user
e.belousova,chelyabinsk,user
m.romanova,nnovgorod,user
i.fomin,nnovgorod,user
s.vlasova,rostov,user
p.grigoriev,nnovgorod,user
t.frolova,chelyabinsk,user
o.egorova,ufa,user
a.antonova,ufa,user
k.ignatieva,kirov,user
l.golovin,irkutsk,user
s.mishin,nnovgorod,user
i.titova,ekb,user
z.antonova,volgograd,admin
i.krylova,murmansk,user
s.orlova,smolensk,user
s.fomina,moscow-hq,user
s.lebedeva,chelyabinsk,user
d.denisov,rostov,user
k.efremov,bryansk,user
k.nikolaev,orenburg,user
m.kovaleva,spb,user
r.kalinin,tula,user
a.solovieva,murmansk,user
s.lukin,penza,user
k.krylova,irkutsk,user
l.melnikov,nnovgorod,user
p.sokolov,spb,user
b.mishin,voronezh,user
i.borisov,novosibirsk,user
y.nikolaev,saratov,user
e.baranova,orenburg,admin
n.guseva,ekb,user
o.yakovleva,rostov,user
n.kudryavtseva,ufa,user
z.golovina,moscow-2,user
m.afanasiev,kaluga,user
r.kiselev,moscow-2,user
t.chernova,tambov,user
p.voronov,astrakhan,user
e.kulikov,kaluga,user
e.suvorov,tula,user
r.lukin,vladivostok,user
m.zueva,spb,user
g.sergeev,tula,user
p.bykov,tambov,user
v.kozlova,yaroslavl,user
a.danilov,orenburg,user
n.savina,lipetsk,user
k.zhukova,rostov,user
k.chernova,orenburg,user
y.makarov,kaluga,user
i.nikitina,rostov,user
n.trofimova,kazan,user
k.sukhanov,nnovgorod,user
k.komarov,rostov,user
o.tikhonova,ufa,user
y.popov,kursk,user
o.krylov,vologda,user
l.gavrilova,penza,user
r.sorokin,saratov,user
l.panov,irkutsk,user
i.kiseleva,vladivostok,user
i.komarova,tver,user
y.kudryavtseva,ryazan,user
y.belousova,spb,user
r.lazarev,chelyabinsk,user
m.efimova,novosibirsk,user
r.osipov,samara,user
y.gromova,yaroslavl,user
v.borisova,nnovgorod,user
s.komarova,murmansk,user
k.stepanova,orenburg,user
z.denisenko,omsk,user
b.orlov,yaroslavl,user
r.titov,chelyabinsk,user
m.danilova,tambov,user
i.bespalova,lipetsk,user
d.kovalev,chelyabinsk,user
y.korolev,penza,user
k.zaitseva,tula,user
y.martynov,tambov,user
i.nazarova,volgograd,user
n.zaitseva,tula,user
m.fadeev,yaroslavl,user
n.ilin,ekb,user
d.titov,nnovgorod,user
v.romanova,tambov,user
d.semenov,smolensk,user
r.fomin,novosibirsk,user
a.lukina,krasnodar,user
a.karpova,kazan,user
m.timofeev,tula,user
g.zaitsev,tyumen,user
a.petrov,nnovgorod,user
s.prokhorova,belgorod,user
k.titova,astrakhan,user
d.mironov,ryazan,user
t.osipova,orenburg,user
d.stepanov,nnovgorod,user
a.tikhonov,tver,user
g.golubev,novosibirsk,user
i.alekseeva,lipetsk,user
o.lukina,chelyabinsk,user
o.loginova,ekb,user
a.kondratiev,kirov,user
z.volkova,tyumen,user
s.orlov,novosibirsk,user
v.gromova,tver,user
o.filippov,irkutsk,user
l.ershova,ryazan,user
a.krylova,nnovgorod,user
r.belov,chelyabinsk,user
e.efimova,krasnodar,user
a.ilina,kirov,user
i.mishina,yaroslavl,user
y.zaitseva,nnovgorod,user
t.grigorieva,kaluga,user
e.mironov,moscow-2,user
k.vlasova,belgorod,user
b.kondratiev,perm,user
n.andreeva,spb,user
d.sidorov,kaluga,user
i.prokhorov,saratov,user
e.medvedeva,murmansk,user
k.sorokin,volgograd,user
a.morozov,rostov,user
y.kovaleva,murmansk,user
n.karpova,lipetsk,user
m.rybakova,novosibirsk,user
l.yakovleva,ekb,user
z.markova,irkutsk,user
r.bykov,smolensk,user
o.romanova,belgorod,user
o.lebedeva,voronezh,user
i.kulikova,omsk,user
n.sergeeva,nnovgorod,user
b.prokhorov,ekb,user
k.egorova,lipetsk,user
o.grigoriev,nnovgorod,user
l.kovaleva,ryazan,user
v.smirnova,nnovgorod,user
k.nikitina,ryazan,user
l.gerasimova,voronezh,user
n.timofeeva,murmansk,user
y.popova,tambov,user
t.ivanov,tula,user
g.semenov,tula,user
s.fadeev,ryazan,user
e.morozova,nnovgorod,user
n.kovaleva,ufa,user
z.bobrova,chelyabinsk,user
k.abramova,omsk,user
i.danilova,omsk,user
e.efremov,tula,user
b.savin,khabarovsk,user
o.vorobieva,tula,user
s.zaitseva,chelyabinsk,user
t.krylov,omsk,user
t.bogdanov,nnovgorod,user
n.danilova,nnovgorod,user
k.grigorieva,ekb,user
v.efremov,krasnodar,user
s.alekseev,kursk,user
g.volkov,kaluga,user
y.trofimov,voronezh,user
o.antonov,penza,user
e.sidorova,lipetsk,user
p.zhukov,moscow-2,user
e.bespalova,tomsk,user
p.sukhanov,bryansk,user
v.lazarev,izhevsk,user
b.efremov,chelyabinsk,user
v.antonov,kirov,user
l.trofimova,kirov,user
z.sergeeva,bryansk,user
e.loginova,kursk,user
e.gavrilova,irkutsk,user
s.sokolov,kirov,user
g.ershov,volgograd,user
n.afanasieva,tula,user
l.kulikova,moscow-2,user
i.voronov,lipetsk,user
t.kotov,vladivostok,user
k.mironov,tver,user
s.medvedev,tomsk,user
l.makarov,nnovgorod,user
m.lukina,novosibirsk,user
y.belyaev,tula,user
n.komarova,voronezh,user
e.kulikova,tula,user
g.soloviev,orenburg,user
t.sokolov,kursk,user
e.voronova,krasnodar,user
l.orlova,kursk,user
k.lazarev,spb,user
d.rybakov,kursk,user
r.ershov,ekb,user
e.dmitrieva,orenburg,user
g.orlov,lipetsk,user
y.melnikov,smolensk,user
s.isaeva,volgograd,user
i.sokolova,astrakhan,user
m.dmitrieva,tver,user
i.koroleva,yaroslavl,user
s.lebedev,moscow-hq,user
y.orlova,lipetsk,user
k.volkov,tver,user
v.kulikov,lipetsk,user
s.shcherbakova,ekb,user
l.lazarev,vladivostok,user
v.yakovleva,perm,user
n.suvorova,tambov,user
a.ershova,tver,user
l.chernov,kirov,user
s.vasiliev,yaroslavl,user
s.frolova,lipetsk,user
n.bogdanova,vladivostok,user
v.baranov,rostov,user
o.gerasimova,chelyabinsk,user
o.melnikova,tula,user
z.morozova,chelyabinsk,user
r.komarov,chelyabinsk,user
b.baranov,volgograd,user
l.golubeva,moscow-2,user
a.mishin,vladivostok,user
n.dmitrieva,saratov,user
a.shubina,novosibirsk,user
b.gromov,lipetsk,admin
k.bespalova,ufa,user
m.gromova,yaroslavl,user
s.ivanova,astrakhan,user
t.ignatieva,belgorod,user
t.filippova,chelyabinsk,user
a.afanasieva,irkutsk,user
l.petrov,penza,user
s.grigorieva,yaroslavl,user
k.lukin,ufa,user
t.maksimov,nnovgorod,user
r.golubev,irkutsk,user
n.belova,orenburg,user
v.belousov,lipetsk,user
o.prokhorov,tver,user
p.dmitriev,yaroslavl,user
a.vasilieva,rostov,user
n.denisov,kaluga,user
e.pavlova,chelyabinsk,user
m.ivanov,orenburg,user
a.borisova,tula,user
a.suvorova,irkutsk,user
d.mishin,murmansk,user
a.orlov,penza,user
g.komarov,volgograd,admin
n.panov,khabarovsk,user
y.frolov,chelyabinsk,user
o.kozlova,ryazan,user
v.belyaev,smolensk,user
l.kuznetsov,novosibirsk,user
l.antonova,ufa,user
y.egorov,moscow-hq,user
m.prokhorova,vladivostok,user
e.korolev,rostov,user
i.ignatieva,vologda,user
e.golubeva,kirov,user
d.petrov,smolensk,user
k.markova,lipetsk,user
o.danilova,smolensk,user
m.bogdanova,izhevsk,user
v.tikhonova,smolensk,user
p.polyakov,tambov,user
m.sokolova,smolensk,user
g.gorbunov,yaroslavl,user
a.kiseleva,murmansk,user
b.zhuravlev,nnovgorod,user
i.polyakova,saratov,user
a.yakovlev,novosibirsk,user
y.rodionov,yaroslavl,user
y.lazareva,vladivostok,user
n.alekseeva,belgorod,admin
l.ilin,murmansk,user
a.krylov,yaroslavl,user
l.zakharova,murmansk,user
b.konovalov,irkutsk,user
z.mironova,chelyabinsk,user
g.pavlov,yaroslavl,user
k.timofeeva,yaroslavl,user
i.abramova,vologda,user
i.frolova,tver,user
m.vorobieva,samara,user
y.morozova,murmansk,user
a.titov,nnovgorod,user
i.shubin,tula,user
y.suvorov,moscow-2,user
s.smirnov,moscow-2,user
z.guseva,bryansk,user
s.gromov,chelyabinsk,user
m.polyakov,vladivostok,user
m.pavlov,ryazan,user
g.gromov,murmansk,user
t.alekseeva,orenburg,user
k.kuznetsov,izhevsk,user
s.vlasov,nnovgorod,user
o.titov,penza,user
g.kovalev,kirov,user
s.sorokin,murmansk,user
v.bespalov,ekb,user
k.kalinin,tver,user
m.martynova,kaluga,user
t.vlasov,novosibirsk,user
k.savina,moscow-hq,user
t.zhuravleva,vladivostok,user
k.afanasieva,spb,user
o.gromov,ekb,user
s.belova,orenburg,user
s.voronova,penza,user
t.efremova,kaluga,user
m.morozov,tver,user
a.stepanov,rostov,user
v.kuzmina,tula,user
o.bykova,ekb,user
s.kuznetsov,irkutsk,user
k.antonov,yaroslavl,user
n.koroleva,yaroslavl,user
b.krylov,tver,user
d.yakovlev,rostov,user
l.lazareva,moscow-2,user
z.loginova,orenburg,user
o.maksimov,ekb,user
l.baranova,novosibirsk,user
v.sukhanov,chelyabinsk,user
y.sidorov,murmansk,user
g.gerasimov,tula,user
d.gorbunov,tula,user
m.guseva,spb,user
i.mishin,kazan,user
e.frolov,penza,user
d.komarov,moscow-2,user
p.vasiliev,ekb,user
e.bykova,rostov,user
d.kozlov,rostov,user
m.panov,rostov,user
l.romanova,murmansk,user
a.nikitina,yaroslavl,user
e.denisenko,lipetsk,user
r.fadeev,nnovgorod,user
i.zakharova,penza,user
i.sidorova,krasnodar,user
t.shubina,chelyabinsk,user
n.markova,spb,user
a.guseva,kaluga,user
m.lazareva,vladivostok,user
m.suvorov,volgograd,user
m.popov,tyumen,user
s.sukhanova,astrakhan,user
m.belousov,belgorod,user
o.sukhanov,vladivostok,user
n.kulikov,murmansk,user
o.mikhailova,ekb,user
p.semenov,samara,user
t.ershov,saratov,user
e.alekseeva,astrakhan,user
t.kalinin,tver,user
k.sergeev,chelyabinsk,user
d.vorobiev,kirov,user
y.danilov,moscow-2,user
o.gavrilov,tambov,user
s.efremova,orenburg,user
k.zakharov,moscow-2,user
e.afanasieva,saratov,user
m.egorov,kazan,user
t.makarov,moscow-2,user
r.semenov,belgorod,user
i.belousova,vladivostok,user
a.pavlov,penza,user
a.efremov,volgograd,user
n.belov,kaluga,user
z.shcherbakova,spb,user
s.novikov,belgorod,user
b.sorokin,moscow-hq,user
m.zakharov,kaluga,user
i.bespalov,murmansk,user
i.savin,ekb,user
k.panov,lipetsk,user
l.loginov,murmansk,user
o.kotova,penza,user
r.nikolaev,moscow-hq,user
s.romanova,tambov,user
y.panova,kirov,user
e.suvorova,vladivostok,user
a.fadeeva,vladivostok,user
b.karpov,voronezh,user
a.kovaleva,spb,user
t.kuznetsov,kirov,user
n.solovieva,kirov,user
i.baranova,chelyabinsk,user
t.egorova,tambov,user
m.konovalov,rostov,user
n.golubev,penza,user
b.borisov,yaroslavl,user
r.zuev,penza,user
b.novikov,ekb,user
p.sergeev,smolensk,user
n.martynova,volgograd,user
d.karpov,tomsk,user
a.bobrova,ryazan,user
t.stepanov,perm,user
v.rodionova,moscow-2,user
b.belov,perm,user
a.osipova,spb,user
p.trofimov,kursk,user
l.kozlova,omsk,user
l.sukhanov,omsk,user
n.kotova,tambov,user
l.fedorova,tver,user
m.fedorova,nnovgorod,user
i.golovin,chelyabinsk,user
s.nikitina,krasnodar,user
t.borisova,ufa,user
m.rodionova,chelyabinsk,user
a.denisenko,omsk,user
n.osipova,voronezh,user
v.belyaeva,murmansk,user
p.gorbunov,vladivostok,user
l.popov,moscow-2,user
y.mikhailov,ekb,user
v.kozlov,omsk,user
a.zakharov,nnovgorod,user
a.ivanov,ryazan,user
i.korolev,ekb,user
v.grigorieva,kursk,user
k.orlov,volgograd,user
n.osipov,penza,user
i.danilov,chelyabinsk,user
p.shubin,lipetsk,user
z.smirnova,nnovgorod,user
l.soloviev,spb,user
v.golovin,belgorod,user
l.tarasov,spb,user
i.ershov,kazan,user
v.lazareva,nnovgorod,user
o.isaeva,tver,user
n.kudryavtsev,rostov,user
k.bobrova,ekb,user
v.kiseleva,tula,user
e.volkova,moscow-2,user
l.egorova,vladivostok,user
z.vasilieva,rostov,user
p.prokhorov,tomsk,user
t.vasiliev,moscow-2,user
v.kuznetsova,murmansk,user
l.kotov,bryansk,user
e.zakharov,tula,user
e.kuzmin,vladivostok,user
s.kulikova,vladivostok,user
m.sukhanova,izhevsk,user
a.volkov,murmansk,user
g.sorokin,novosibirsk,user
t.kuzmina,omsk,user
s.gerasimova,omsk,user
i.polyakov,kirov,user
l.andreeva,chelyabinsk,user
s.nazarova,murmansk,user
e.zhukova,khabarovsk,user
l.gromova,voronezh,user
v.zakharova,belgorod,user
d.pavlov,tyumen,user
y.kuznetsova,nnovgorod,user
v.zakharov,nnovgorod,user
p.kalinin,rostov,user
n.egorov,chelyabinsk,user
n.filippova,penza,user
v.nikitina,murmansk,user
r.afanasiev,nnovgorod,user
e.kudryavtseva,orenburg,user
y.kulikova,ekb,user
n.voronov,rostov,user
a.koroleva,tula,user
m.yakovlev,tula,user
t.orlova,bryansk,user
i.bobrov,vladivostok,user
r.sokolov,volgograd,user
m.osipova,moscow-2,user
t.timofeeva,smolensk,user
i.afanasieva,perm,user
a.belyaev,murmansk,user
t.romanov,smolensk,user
y.sergeev,yaroslavl,user
m.kulikova,spb,user
a.vorobieva,kaluga,user
t.sokolova,novosibirsk,user
y.ignatieva,novosibirsk,user
a.belyaeva,moscow-hq,user
r.trofimov,ekb,user
y.grigoriev,tula,user
r.bogdanov,vladivostok,user
a.egorov,samara,user
z.karpova,volgograd,user
b.martynov,tyumen,user
o.kondratiev,lipetsk,user
s.ershova,ekb,user
z.shubina,vladivostok,user
k.pavlova,omsk,user
o.fomina,volgograd,user
b.komarov,kaluga,user
i.zuev,nnovgorod,user
i.lukin,saratov,user
i.tarasov,tula,user
y.frolova,murmansk,user
d.antonov,ufa,user
i.zaitseva,yaroslavl,user
y.krylova,rostov,user
v.rybakova,belgorod,user
e.sergeev,murmansk,user
i.tarasova,samara,user
s.afanasieva,yaroslavl,user
s.soloviev,krasnodar,user
t.martynov,omsk,user
d.kuzmin,moscow-hq,user
k.fadeev,yaroslavl,user
n.bykova,tver,user
a.kalinina,tula,user
e.filippova,moscow-hq,user
s.savina,samara,user
l.kulikov,samara,user
k.komarova,ekb,user
k.kondratieva,belgorod,user
o.fedorov,yaroslavl,user
g.lukin,perm,user
r.vlasov,nnovgorod,user
d.abramov,bryansk,user
k.borisova,nnovgorod,user
t.sidorov,kaluga,user
t.ershova,moscow-hq,user
t.kondratieva,ryazan,user
m.mishin,orenburg,user
a.kovalev,tula,user
m.voronov,tver,user
g.danilov,tambov,user
e.melnikov,omsk,user
i.belyaev,spb,user
s.melnikova,tambov,user
t.voronov,vologda,user
o.ivanov,vladivostok,user
t.semenov,nnovgorod,user
g.shubin,yaroslavl,user
i.markova,yaroslavl,user
y.fomin,novosibirsk,user
k.zuev,krasnodar,user
v.zhuravleva,kirov,user
l.kozlov,yaroslavl,user
r.makarov,tver,user
n.volkov,kursk,user
l.martynova,nnovgorod,user
t.krylova,lipetsk,user
y.zhukova,tambov,user
a.kozlova,moscow-2,user
i.smirnova,ufa,user
d.voronov,perm,user
z.lazareva,lipetsk,user
l.dmitriev,tver,user
v.novikova,ekb,user
n.karpov,smolensk,user
m.vlasov,vladivostok,user
s.timofeeva,novosibirsk,user
g.konovalov,omsk,user
p.efimov,nnovgorod,user
s.suvorov,tomsk,user
i.petrova,izhevsk,user
l.zakharov,ekb,user
k.melnikova,belgorod,user
p.sidorov,spb,user
b.lukin,belgorod,user
b.belousov,moscow-hq,user
o.rodionova,moscow-2,user
v.panova,ekb,user
e.andreev,kirov,user
e.ilina,kaluga,user
v.efremova,spb,user
d.konovalov,lipetsk,user
z.kudryavtseva,kaluga,user
s.mikhailova,chelyabinsk,user
y.borisova,orenburg,user
k.denisenko,smolensk,user
o.kotov,tambov,user
t.shcherbakov,ufa,user
m.smirnov,chelyabinsk,user
l.markov,rostov,user
k.markov,chelyabinsk,user
v.markov,bryansk,user
s.morozova,tomsk,user
s.ivanov,novosibirsk,user
d.fomin,orenburg,user
y.ivanova,omsk,user
v.denisov,lipetsk,user
o.abramov,belgorod,user
p.gromov,yaroslavl,user
d.zaitsev,ekb,user
m.denisova,chelyabinsk,user
i.vlasova,lipetsk,user
v.frolova,penza,user
e.andreeva,ryazan,user
s.gavrilov,samara,user
t.prokhorova,smolensk,user
p.mishin,tula,user
a.alekseev,chelyabinsk,user
i.krylov,ufa,user
m.borisov,tula,user
s.martynova,tomsk,user
l.mishina,volgograd,user
g.mikhailov,tula,user
o.titova,ufa,user
z.zakharova,khabarovsk,user
o.chernov,orenburg,user
e.krylova,omsk,user
l.borisova,volgograd,admin
t.lukina,moscow-hq,user
y.gavrilova,perm,user
e.smirnova,kursk,user
y.guseva,vladivostok,user
o.dmitriev,yaroslavl,user
t.koroleva,murmansk,user
i.kalinin,krasnodar,user
y.kondratiev,lipetsk,admin
t.efimova,yaroslavl,user
d.filippov,rostov,user
d.loginov,ryazan,user
y.semenova,nnovgorod,user
z.kuznetsova,orenburg,user
y.kotova,yaroslavl,user
g.popov,chelyabinsk,user
a.lukin,tomsk,user
s.krylova,tula,user
v.belousova,khabarovsk,user
k.mikhailova,tomsk,user
v.alekseeva,kaluga,user
v.popov,yaroslavl,user
d.nikolaev,murmansk,user
z.bespalova,kaluga,user
k.ilina,kaluga,user
k.bykova,ufa,user
a.prokhorova,bryansk,user
n.antonova,moscow-hq,user
t.fadeev,omsk,user
e.fomin,vologda,user
t.komarova,perm,user
t.pavlov,kirov,user
o.tikhonov,kazan,user
y.shubina,kazan,user
s.zakharov,lipetsk,user
y.titov,samara,user
v.gavrilova,murmansk,user
t.popova,spb,user
k.romanova,belgorod,user
n.orlova,bryansk,user
r.martynov,penza,user
v.melnikov,kirov,user
e.semenova,kirov,user
a.kulikov,ryazan,user
o.shubina,perm,user
m.titova,ufa,user
o.makarova,moscow-hq,user
d.gusev,perm,user
v.vlasova,tula,user
v.petrova,voronezh,user
r.krylov,tula,user
l.belova,rostov,user
i.shcherbakov,kazan,user
z.egorova,astrakhan,user
e.gavrilov,lipetsk,user
s.mironova,yaroslavl,user
k.ershov,kirov,user
a.ershov,kirov,user
o.kalinin,rostov,user
n.nazarov,ufa,user
a.voronova,kaluga,user
o.lazareva,chelyabinsk,user
y.petrov,ryazan,user
t.savina,orenburg,user
n.bespalova,orenburg,user
s.pavlova,murmansk,user
l.maksimova,kirov,user
m.egorova,vologda,user
o.denisov,tula,user
s.popova,murmansk,user
e.zaitseva,kaluga,user
r.frolov,orenburg,user
e.makarov,rostov,user
l.bykov,vologda,user
s.zhukova,chelyabinsk,user
m.nikitina,tambov,user
l.kuzmin,novosibirsk,user
z.lukina,lipetsk,user
a.loginova,kirov,user
y.belyaeva,moscow-2,user
v.solovieva,vladivostok,user
p.nikitin,nnovgorod,user
v.vasilieva,samara,user
l.fomin,penza,user
o.semenova,belgorod,user
k.prokhorova,vladivostok,user
m.zhukova,murmansk,user
i.yakovleva,ekb,user
y.kiselev,voronezh,user
n.denisenko,krasnodar,user
k.fedorova,ryazan,user
y.nikitina,ufa,user
t.frolov,ufa,user
g.ilin,kursk,user
b.maksimov,kaluga,user
n.orlov,volgograd,user
s.efimova,moscow-2,user
l.bogdanov,tula,user
s.efremov,spb,user
r.panov,rostov,user
m.lebedeva,ekb,user
r.markov,rostov,user
v.koroleva,moscow-hq,user
t.kulikov,rostov,user
t.yakovleva,astrakhan,user
r.kuznetsov,rostov,user
k.yakovlev,chelyabinsk,user
i.mikhailova,smolensk,user
e.rodionova,rostov,user
v.orlova,moscow-2,user
t.tarasova,moscow-2,user
i.prokhorova,lipetsk,user
o.maksimova,krasnodar,user
n.pavlova,murmansk,user
a.chernova,ryazan,user
s.bykov,tula,user
m.kiselev,ekb,user
m.petrova,ufa,user
k.baranov,khabarovsk,user
r.kotov,bryansk,user
s.afanasiev,moscow-hq,user
v.sukhanova,tula,user
y.mironova,voronezh,user
i.sukhanova,ekb,user
b.egorov,yaroslavl,user
o.smirnova,tambov,user
m.semenova,murmansk,user
v.ershov,perm,user
i.zueva,chelyabinsk,user
o.bogdanova,chelyabinsk,user
e.lazareva,lipetsk,user
v.kudryavtseva,volgograd,user
t.suvorov,tula,user
d.zhukov,ufa,user
n.loginov,yaroslavl,user
b.vasiliev,moscow-2,user
r.mikhailov,ufa,user
o.soloviev,murmansk,user
n.lebedeva,ufa,user
o.filippova,murmansk,user
g.gavrilov,tula,user
y.vorobieva,tambov,user
k.nikolaeva,astrakhan,user
o.belousova,samara,user
o.kuzmina,ekb,user
o.egorov,khabarovsk,user
b.fomin,kirov,user
t.timofeev,chelyabinsk,user
i.vorobiev,murmansk,user
n.tarasova,kaluga,user
g.kulikov,orenburg,user
k.ershova,vladivostok,user
s.kondratiev,kazan,user
o.fadeeva,tula,user
i.belova,bryansk,user
k.shubin,bryansk,user
n.shubina,yaroslavl,user
k.mishina,vologda,user
b.gavrilov,ufa,user
m.novikov,chelyabinsk,user
g.antonov,omsk,user
o.lazarev,ekb,user
v.timofeev,smolensk,user
n.zhuravlev,saratov,user
r.rybakov,moscow-2,user
s.tarasov,nnovgorod,user
z.tikhonova,krasnodar,user
b.ivanov,volgograd,user
k.kulikov,tambov,user
t.karpov,kirov,user
l.volkova,bryansk,user
n.savin,smolensk,user
e.panova,orenburg,user
o.zakharova,irkutsk,user
d.andreev,rostov,user
m.krylov,penza,user
b.kozlov,penza,user
l.zhukova,kaluga,user
i.vorobieva,izhevsk,user
t.efremov,astrakhan,user
p.chernov,kazan,user
n.melnikova,kirov,user
y.efimov,saratov,user
g.sidorov,moscow-hq,user
s.nazarov,chelyabinsk,user
a.kuznetsov,yaroslavl,user
p.tarasov,murmansk,user
i.medvedeva,kaluga,user
i.komarov,tambov,user
k.zakharova,smolensk,user
e.martynova,rostov,user
d.tikhonov,yaroslavl,user
n.ilina,rostov,user
k.novikova,yaroslavl,user
y.stepanova,moscow-hq,user
t.golovina,yaroslavl,user
k.vasilieva,yaroslavl,user
o.belyaeva,kursk,user
a.zakharova,chelyabinsk,user
i.kuznetsova,rostov,user
k.kuzmina,nnovgorod,user
s.belyaeva,tambov,user
m.makarov,yaroslavl,user
r.zaitsev,samara,user
o.antonova,lipetsk,user
t.popov,kaluga,user
v.suvorova,tyumen,user
k.gromov,lipetsk,user
l.martynov,ekb,user
n.medvedev,chelyabinsk,user
b.melnikov,kursk,user
k.mironova,kaluga,user
k.lukina,novosibirsk,user
y.loginova,perm,user
t.filippov,kursk,admin
n.andreev,penza,user
o.voronov,lipetsk,user
s.loginov,ufa,user
g.martynov,tula,user
y.belov,saratov,user
v.golubev,kaluga,user
r.polyakov,rostov,user
n.abramov,moscow-2,user
l.titova,moscow-hq,user
m.belyaeva,tomsk,user
v.golubeva,tambov,user
o.zhuravleva,penza,user
l.belov,yaroslavl,user
m.zhuravlev,ryazan,user
l.komarov,rostov,user
b.sokolov,kaluga,user
l.kalinin,penza,user
r.popov,omsk,user
l.gorbunova,belgorod,user
e.abramova,vologda,user
t.nikitina,penza,user
y.lebedev,kaluga,user
o.sergeev,chelyabinsk,user
s.vorobieva,samara,user
b.vlasov,kirov,user
s.kondratieva,ekb,user
s.semenov,nnovgorod,user
z.rodionova,kaluga,user
y.fedorova,tomsk,user
l.rybakova,volgograd,user
n.belyaeva,orenburg,user
z.vlasova,spb,user
r.kondratiev,perm,user
k.gusev,omsk,user
n.volkova,smolensk,user
z.andreeva,kazan,user
m.martynov,nnovgorod,user
v.sidorova,yaroslavl,user
e.titova,penza,user
a.gorbunova,moscow-2,user
g.rybakov,tomsk,user
s.filippov,ekb,user
v.fomina,murmansk,user
s.abramova,ufa,user
a.morozova,chelyabinsk,user
t.konovalov,kazan,user
k.solovieva,murmansk,user
z.tarasova,ekb,user
a.zaitseva,rostov,user
v.ivanova,penza,user
a.sorokina,kirov,user
i.stepanov,ufa,user
e.shubin,smolensk,user
y.efremova,murmansk,user
e.bespalov,omsk,user
m.karpov,kirov,user
l.efremova,kirov,user
o.borisov,yaroslavl,user
g.nikolaev,vladivostok,user
m.bogdanov,tula,user
d.egorov,spb,user
o.bykov,novosibirsk,user
l.markova,tula,user
t.fadeeva,tambov,user
z.filippova,tyumen,user
m.frolova,yaroslavl,user
k.voronov,krasnodar,user
i.dmitrieva,omsk,user
a.panova,tomsk,user
o.ilin,chelyabinsk,user
y.orlov,yaroslavl,user
n.fedorov,irkutsk,user
k.savin,vladivostok,user
a.belousov,moscow-2,user
e.bogdanova,voronezh,user
t.guseva,orenburg,user
y.dmitriev,chelyabinsk,user
o.ilina,izhevsk,user
i.novikov,moscow-hq,user
n.gromov,moscow-2,user
e.osipova,smolensk,user
d.efremov,rostov,user
l.grigoriev,volgograd,user
m.koroleva,murmansk,user
a.bogdanova,yaroslavl,user
l.semenova,kirov,user
v.mikhailova,penza,user
r.nikitin,omsk,user
i.sukhanov,nnovgorod,user
a.gerasimov,vologda,user
e.titov,moscow-hq,user
d.belyaev,samara,user
s.polyakov,nnovgorod,user
k.morozova,penza,user
a.antonov,kirov,user
m.ignatieva,orenburg,user
s.chernova,chelyabinsk,user
v.gavrilov,tula,user
p.pavlov,kirov,user
n.zhukov,chelyabinsk,user
s.gavrilova,ekb,user
p.abramov,izhevsk,user
n.ershova,voronezh,user
o.denisenko,bryansk,user
k.fomin,omsk,user
e.nikitin,nnovgorod,user
n.danilov,tambov,user
t.kovaleva,tomsk,user
d.medvedev,ekb,user
o.rybakova,kirov,user
m.andreeva,kirov,user
i.nikolaeva,tula,user
v.zuev,smolensk,user
y.vasilieva,saratov,user
b.smirnov,vologda,user
l.solovieva,orenburg,user
y.loginov,vologda,user
s.gerasimov,saratov,user
t.kozlova,kursk,user
o.golovina,novosibirsk,user
a.kalinin,kirov,user
a.mikhailova,penza,user
z.osipova,rostov,user
e.denisova,tambov,user
b.belyaev,chelyabinsk,user
o.zuev,smolensk,user
a.novikova,rostov,user
v.prokhorova,kirov,user
m.ershov,tula,user
t.isaev,bryansk,user
v.sorokina,penza,user
a.golovina,rostov,user
k.fedorov,tambov,user
i.lebedev,vologda,user
l.tikhonov,vologda,user
v.mikhailov,lipetsk,user
v.grigoriev,yaroslavl,user
y.baranov,omsk,user
k.petrov,kirov,user
v.danilova,nnovgorod,user
n.vorobieva,saratov,user
a.shubin,murmansk,user
r.isaev,kirov,user
k.kuzmin,yaroslavl,user
b.bogdanov,nnovgorod,user
b.golubev,kirov,user
y.dmitrieva,belgorod,user
s.kuznetsova,murmansk,user
z.trofimova,tula,user
e.sukhanov,voronezh,user
o.baranova,vladivostok,user
i.bykova,yaroslavl,user
d.grigoriev,penza,user
l.filippova,saratov,user
r.gavrilov,tula,user
o.nazarova,perm,user
m.lazarev,omsk,user
o.gerasimov,volgograd,user
e.guseva,vladivostok,user
y.kondratieva,ekb,user
v.rybakov,vologda,user
l.savina,chelyabinsk,user
i.denisov,rostov,user
r.andreev,orenburg,user
b.denisov,ufa,user
n.zakharova,kursk,admin
n.voronova,penza,user
z.nikolaeva,tula,user
k.frolova,samara,user
n.borisova,murmansk,user
v.chernov,belgorod,user
r.gorbunov,belgorod,user
d.lazarev,tambov,user
l.romanov,nnovgorod,user
r.kozlov,murmansk,user
v.prokhorov,nnovgorod,user
s.mironov,tomsk,user
k.sokolova,volgograd,user
b.yakovlev,irkutsk,user
n.rybakova,saratov,user
r.kuzmin,chelyabinsk,user
a.romanova,tambov,user
k.shcherbakova,lipetsk,user
s.volkova,smolensk,user
s.maksimov,lipetsk,user
a.sukhanova,kaluga,user
i.ershova,samara,user
e.gerasimova,samara,user
z.baranova,smolensk,user
p.fadeev,perm,user
s.kovaleva,lipetsk,user
g.denisenko,vladivostok,user
e.gerasimov,novosibirsk,user
d.afanasiev,ryazan,user
p.golovin,perm,user
n.mishina,chelyabinsk,user
p.osipov,penza,user
e.komarov,khabarovsk,user
d.maksimov,izhevsk,user
k.lebedeva,orenburg,user
m.loginova,ekb,user
l.panova,penza,user
z.zhukova,spb,user
i.antonov,tambov,user
k.belova,murmansk,user
n.vlasova,astrakhan,user
e.shubina,smolensk,user
m.ershova,voronezh,user
i.sergeeva,kaluga,user
y.smirnova,belgorod,user
y.koroleva,tomsk,user
d.suvorov,ryazan,user
o.frolov,moscow-2,user
l.lebedev,murmansk,user
r.savin,tver,user
r.denisov,yaroslavl,user
y.ilin,smolensk,user
s.zhuravleva,murmansk,user
s.melnikov,perm,user
i.kozlov,samara,user
e.prokhorova,tula,user
d.zhuravlev,vologda,user
p.petrov,krasnodar,user
i.grigorieva,irkutsk,user
e.lukina,vladivostok,user
n.rodionova,lipetsk,user
t.kuznetsova,khabarovsk,user
z.novikova,murmansk,user
s.denisenko,yaroslavl,user
n.golovina,nnovgorod,user
o.sergeeva,perm,user
e.shcherbakova,nnovgorod,user
y.prokhorov,nnovgorod,user
k.gavrilova,moscow-2,user
o.nikolaeva,tomsk,user
r.belyaev,lipetsk,user
o.gromova,krasnodar,user
i.rodionov,volgograd,user
n.sorokin,tambov,user
z.kotova,izhevsk,user
k.lazareva,kirov,user
o.kovaleva,rostov,user
g.vorobiev,irkutsk,user
m.frolov,kirov,user
p.savin,moscow-2,user
t.solovieva,krasnodar,user
s.bogdanov,omsk,user
v.kiselev,penza,user
o.petrova,irkutsk,user
s.markova,astrakhan,user
g.alekseev,samara,user
n.nikolaeva,vologda,user
v.bykova,smolensk,user
m.mironova,tver,user
z.zaitseva,murmansk,user
l.sergeev,ekb,user
e.karpov,vologda,user
s.kozlova,kursk,user
y.savin,ufa,user
n.kalinin,chelyabinsk,user
o.ivanova,volgograd,user
e.nazarov,orenburg,admin
d.melnikov,yaroslavl,user
o.smirnov,tula,user
e.novikova,murmansk,user
z.gerasimova,voronezh,user
i.gusev,spb,user
y.golovina,rostov,user
p.yakovlev,smolensk,user
m.kovalev,ekb,user
o.ignatiev,saratov,user
y.fadeeva,vologda,user
k.antonova,murmansk,user
b.korolev,volgograd,user
n.vorobiev,volgograd,user
n.kondratieva,kirov,user
a.melnikov,tver,user
o.konovalova,vladivostok,user
e.trofimov,kirov,user
y.golubeva,tambov,user
a.tikhonova,ufa,user
n.golubeva,chelyabinsk,user
n.vasiliev,murmansk,user
t.gorbunova,ufa,user
n.tikhonov,tula,user
y.kotov,rostov,user
s.sukhanov,tyumen,user
i.efremov,smolensk,user
z.krylova,saratov,user
m.shubina,penza,user
s.rodionov,tula,user
l.bespalova,kaluga,user
k.osipov,belgorod,user
o.krylova,smolensk,user
m.titov,kaluga,user
l.bogdanova,tambov,user
l.efimova,moscow-hq,user
r.denisenko,kirov,user
l.loginova,chelyabinsk,user
l.sokolov,ufa,user
a.andreev,orenburg,user
o.shcherbakova,novosibirsk,user
y.timofeeva,vladivostok,user
y.kuznetsov,murmansk,user
t.polyakova,smolensk,user
k.bespalov,yaroslavl,user
t.denisenko,lipetsk,user
i.fedorova,tver,user
l.komarova,chelyabinsk,user
s.zhuravlev,ryazan,user
z.afanasieva,tambov,user
n.zueva,kirov,user
g.suvorov,kirov,user
o.vasilieva,kirov,user
r.fedorov,yaroslavl,user
k.kotova,tyumen,user
z.panova,tomsk,user
m.lukin,ekb,user
o.kondratieva,vladivostok,user
y.rodionova,saratov,user
g.rodionov,tver,user
k.mishin,novosibirsk,user
o.yakovlev,rostov,user
o.martynova,perm,user
z.romanova,spb,user
p.kovalev,murmansk,user
s.dmitrieva,krasnodar,user
i.dmitriev,rostov,user
i.kondratiev,nnovgorod,user
r.orlov,murmansk,user
m.baranova,spb,user
k.isaeva,vladivostok,user
o.afanasiev,orenburg,user
o.ershova,irkutsk,user
m.nazarova,ryazan,user
g.bespalov,saratov,user
o.zhukova,smolensk,user
e.novikov,yaroslavl,user
s.prokhorov,kaluga,user
k.baranova,kirov,user
y.isaev,nnovgorod,user
s.novikova,ufa,user
e.kozlova,tula,user
a.sukhanov,chelyabinsk,user
a.smirnova,penza,user
v.martynova,novosibirsk,admin
m.morozova,kaluga,user
n.romanova,ekb,user
o.dmitrieva,yaroslavl,user
i.orlova,vologda,user
a.vasiliev,kaluga,user
r.voronov,kursk,user
a.vlasova,novosibirsk,user
z.lebedeva,samara,user
v.gusev,tula,user
e.isaeva,moscow-2,user
t.nikitin,kirov,user
a.fadeev,izhevsk,user
y.sidorova,yaroslavl,user
t.komarov,novosibirsk,admin
e.golubev,krasnodar,user
r.abramov,bryansk,user
a.fedorova,smolensk,user
r.dmitriev,moscow-2,user
a.kulikova,chelyabinsk,user
o.gusev,kirov,user
y.semenov,samara,user
o.tarasova,perm,user
r.egorov,murmansk,user
l.novikov,nnovgorod,user
e.baranov,ryazan,user
b.trofimov,bryansk,user
k.vasiliev,vladivostok,user
e.makarova,ekb,user
g.golovin,nnovgorod,user
t.afanasiev,ufa,user
v.kuzmin,perm,user
s.koroleva,yaroslavl,user
b.antonov,kursk,user
i.volkov,ryazan,user
n.frolov,kirov,user
n.gavrilova,kirov,user
a.kiselev,ryazan,user
s.kotova,rostov,user
t.fomina,rostov,user
k.loginov,samara,user
l.sokolova,nnovgorod,user
t.lazareva,novosibirsk,user
z.petrova,kirov,user
b.mikhailov,rostov,user
p.ershov,novosibirsk,user
a.medvedeva,ufa,user
d.isaev,yaroslavl,user
y.isaeva,yaroslavl,user
t.kalinina,orenburg,user
i.kuzmina,ufa,user
y.baranova,tver,user
z.abramova,tomsk,user
p.fedorov,kaluga,user
l.konovalov,krasnodar,user
t.danilova,lipetsk,user
l.vlasov,kursk,user
l.belousov,kaluga,user
r.sergeev,ekb,user
y.karpov,murmansk,user
a.chernov,belgorod,user
v.trofimova,tambov,user
e.kuznetsov,kirov,user
