mailbox,type
alice.moreau,personal
bob.keller,personal
carol.nguyen,personal
david.okafor,personal
elena.rossi,personal
fatima.haddad,personal
george.lin,personal
hana.sato,personal
ivan.petrov,personal
julia.schmidt,personal
karim.benali,personal
lena.fischer,personal
maria.garcia,personal
nikolai.volkov,personal
olga.ivanova,personal
pavel.novak,personal
rachel.cohen,personal
sergey.orlov,personal
tanya.kuznetsova,personal
victor.dubois,personal
wendy.clark,personal
yusuf.demir,personal
zoe.martin,personal
aaron.walsh,personal
bianca.costa,personal
chen.wei,personal
daniel.berg,personal
eva.lindqvist,personal
felix.wagner,personal
grace.obi,personal
hugo.laurent,personal
irene.papadopoulos,personal
jonas.meyer,personal
kate.brennan,personal
leo.santos,personal
mila.horvat,personal
noah.fraser,personal
olivia.reid,personal
peter.hansen,personal
quinn.ahmed,personal
ravi.patel,personal
sofia.marino,personal
tomas.kral,personal
uma.iyer,personal
vera.sokolova,personal
will.turner,personal
xenia.popescu,personal
yara.nasser,personal
zane.cooper,personal
amira.saleh,personal
mads.smirnova,personal
jana.romano,personal
dmitri.pereira,personal
henrik.young,personal
lucas.sanchez,personal
anton.silva,personal
agnes.kowalski,personal
ricardo.wojcik,personal
ulla.perez,personal
nina.quinn,personal
ricardo.ramos,personal
clara.bauer,personal
farah.santoro,personal
mei.dahl,personal
farah.jansen,personal
karen.sharma,personal
dmitri.adler,personal
clara.silva,personal
selin.quinn,personal
nina.morales,personal
jana.gomez,personal
mei.quinn,personal
felipe.baker,personal
theo.morales,personal
ahmed.park,personal
igor.smirnova,personal
theo.ito,personal
katya.pereira,personal
zara.santoro,personal
pedro.gomez,personal
agnes.franke,personal
emil.dias,personal
tara.franke,personal
ben.cruz,personal
yuki.quinn,personal
arjun.bauer,personal
emma.jansen,personal
kenji.holm,personal
fiona.evans,personal
clara.kovacs,personal
zara.ortiz,personal
ruth.suzuki,personal
javier.zhang,personal
yuki.eriksen,personal
yan.akhtar,personal
boris.vogel,personal
max.dijkstra,personal
javier.torres,personal
pedro.torres,personal
ruth.castro,personal
ulla.bauer,personal
elif.bauer,personal
isak.stone,personal
henrik.cruz,personal
paula.jensen,personal
ines.park,personal
igor.dahl,personal
karl.dias,personal
pedro.bianchi,personal
mateo.blom,personal
ben.bauer,personal
aleksandra.ito,personal
sara.larsen,personal
arjun.torres,personal
max.becker,personal
lars.kim,personal
paula.dijkstra,personal
max.kim,personal
max.ito,personal
gabriel.kovacs,personal
elif.larsen,personal
emil.weber,personal
ahmed.abbott,personal
marta.meier,personal
emma.hall,personal
simon.yilmaz,personal
erik.koch,personal
ida.fontaine,personal
lucas.lang,personal
simon.wojcik,personal
emil.becker,personal
elif.ito,personal
isak.gallo,personal
ali.becker,personal
hamza.barros,personal
nina.bianchi,personal
elif.sanchez,personal
daria.castro,personal
carlos.sanchez,personal
simon.hall,personal
elif.castro,personal
paula.kovacs,personal
helena.lang,personal
laura.vogel,personal
lucas.santoro,personal
aleksandra.andersen,personal
boris.perez,personal
adam.bianchi,personal
jakub.franke,personal
arjun.stone,personal
amelia.varga,personal
mateo.baker,personal
helena.barros,personal
oskar.takahashi,personal
theo.ramos,personal
omar.smirnova,personal
simon.romano,personal
helena.gallo,personal
paula.lee,personal
elif.perez,personal
emil.dahl,personal
kenji.dahl,personal
astrid.bauer,personal
jan.weber,personal
elif.jensen,personal
nina.jensen,personal
laura.weber,personal
mateo.adler,personal
helena.pereira,personal
agnes.nowak,personal
boris.nielsen,personal
yan.yilmaz,personal
katya.mancini,personal
jan.ito,personal
marco.khan,personal
ahmed.khan,personal
hamza.andersen,personal
valentina.ortiz,personal
karl.meier,personal
arjun.ortiz,personal
adam.sharma,personal
yan.gallo,personal
jin.koch,personal
nina.cruz,personal
agnes.jansen,personal
pedro.franke,personal
jin.ferreira,personal
sven.sanchez,personal
nina.silva,personal
lukas.romano,personal
andrei.nielsen,personal
marco.fontaine,personal
ulla.torres,personal
ahmed.wojcik,personal
isak.santoro,personal
daria.abbott,personal
katya.weber,personal
mads.mancini,personal
karl.stone,personal
aleksandra.bianchi,personal
aleksandra.barros,personal
mateo.wojcik,personal
greta.young,personal
ulla.zhang,personal
laura.dijkstra,personal
lukas.becker,personal
clara.becker,personal
yan.fontaine,personal
katya.lang,personal
aleksandra.franke,personal
felipe.eriksen,personal
elif.weber,personal
sara.abbott,personal
valentina.barros,personal
zara.hall,personal
selin.gomez,personal
ruth.sharma,personal
marek.ramos,personal
anton.mancini,personal
emma.zhang,personal
max.dahl,personal
paula.jansen,personal
astrid.ito,personal
carlos.gomez,personal
jan.ramos,personal
ali.santoro,personal
agnes.pereira,personal
max.mueller,personal
marta.torres,personal
arjun.yilmaz,personal
ruth.mueller,personal
ben.castro,personal
ahmed.ferreira,personal
astrid.takahashi,personal
adam.kovacs,personal
farah.singh,personal
tobias.kovacs,personal
marco.adler,personal
helena.lopez,personal
rosa.fontaine,personal
jan.holm,personal
hamza.silva,personal
selin.eriksen,personal
valentina.holm,personal
erik.baker,personal
jin.lee,personal
amelia.quinn,personal
ahmed.moreno,personal
pedro.eriksen,personal
lars.choi,personal
accounts,shared
finance,shared
support,shared
info,shared
reception,shared
procurement,shared
hr,shared
it,shared
legal,shared
marketing,shared
sales,shared
office,shared
payroll,shared
logistics,shared
quality,shared
security,shared
facilities,shared
events,shared
press,shared
training,shared
careers,shared
partners,shared
orders,shared
warehouse,shared
helpdesk,shared
