secret_id,name,folder,folder_id,popularity
3026,Domain Admin - {domain}\da.breakglass,Tier 0 - Infrastructure,162,0.881
5225,KRBTGT Reset Account,Tier 0 - Infrastructure,162,0.3
5434,DC01 DSRM Password,Tier 0 - Infrastructure,162,0.386
2759,DC02 DSRM Password,Tier 0 - Infrastructure,162,0.459
5781,ESXi root - esx-cl01,Tier 0 - Infrastructure,162,3.0
3102,vCenter administrator@vsphere.local,Tier 0 - Infrastructure,162,2.446
2667,Backup Vault Root - vbr01,Tier 0 - Infrastructure,162,1.049
4638,Firewall Breakglass - fw-edge-01,Tier 0 - Infrastructure,162,0.804
4064,Entra ID Global Admin - breakglass,Tier 0 - Infrastructure,162,0.855
5165,PKI Root CA Local Admin,Tier 0 - Infrastructure,162,0.92
2670,SCCM Network Access Account,Tier 0 - Infrastructure,162,1.283
2633,Entra Connect Sync Account,Tier 0 - Infrastructure,162,2.143
1135,SQL sa - sql-prd-01,Databases,112,0.3
1089,SQL sa - sql-prd-02,Databases,112,0.388
927,Oracle SYS - ora-fin-01,Databases,112,1.304
1676,PostgreSQL postgres - pg-app-01,Databases,112,0.469
5110,MongoDB admin - mdb-01,Databases,112,3.0
1525,SQL Reporting Service Account,Databases,112,2.992
1406,Core Switch enable - sw-core-01,Network Devices,192,2.05
5207,Core Switch enable - sw-core-02,Network Devices,192,0.758
4581,WLC admin - wlc-01,Network Devices,192,1.391
2646,VPN Gateway admin - vpn-01,Network Devices,192,0.476
2115,Load Balancer admin - lb-01,Network Devices,192,0.674
3516,Service Desk Portal Admin,Service Desk,225,1.773
4513,Workstation Local Admin,Service Desk,225,2.654
4142,Printer Management Console,Service Desk,225,3.0
1655,Meeting Room Kiosk,Service Desk,225,1.826
1436,Jenkins API Token,Applications,84,0.481
1104,GitLab Deploy Key - billing,Applications,84,0.3
4545,Payments API Key - staging,Applications,84,0.925
2726,SMTP Relay Account,Applications,84,0.535
2702,Monitoring API - zabbix,Applications,84,1.357
1808,Jira Integration User,Applications,84,1.182
4334,SQL sa - sql-prd-03,Databases,112,1.494
5633,SQL sa - sql-dwh-01,Databases,112,2.901
1959,PostgreSQL postgres - pg-app-02,Databases,112,2.262
7902,Oracle SYS - ora-hr-01,Databases,112,2.417
3285,Redis default - redis-01,Databases,112,1.088
6530,MySQL root - mysql-web-01,Databases,112,0.662
5586,Access Switch admin - sw-acc-b1,Network Devices,192,1.653
6593,Access Switch admin - sw-acc-b2,Network Devices,192,1.611
8317,Branch Router admin - rtr-br-01,Network Devices,192,0.684
3475,Branch Router admin - rtr-br-02,Network Devices,192,1.467
5906,Firewall admin - fw-int-01,Network Devices,192,0.936
3550,WLC admin - wlc-02,Network Devices,192,0.3
3301,Proxy admin - px-01,Network Devices,192,1.559
3647,Workstation Local Admin - Branch,Service Desk,225,0.523
6474,Laptop BIOS Password,Service Desk,225,0.3
1036,Mobile Device Management Admin,Service Desk,225,3.0
7681,Conference System Admin,Service Desk,225,0.3
2651,Artifactory Deploy Token,Applications,84,0.563
5045,SonarQube Token,Applications,84,0.736
8144,Kafka Client - orders,Applications,84,0.807
2796,Confluence Service Account,Applications,84,1.235
8691,Grafana Admin,Applications,84,1.048
3741,Payments API Key - production,Applications,84,1.087
