name,role,weight
b.petrov,pam,1.393
d.novak,pam,0.5
b.smith,pam,1.634
z.brown,windows,1.229
i.lee,windows,1.224
c.kumar,windows,1.269
s.berg,windows,0.72
g.rossi,windows,1.043
f.nguyen,windows,0.967
o.muller,windows,0.801
s.ivanov,windows,1.224
n.dubois,windows,0.833
y.taylor,windows,1.069
t.hoffmann,unix,0.5
h.wilson,unix,1.347
s.clark,unix,0.5
h.davis,unix,0.5
y.white,unix,0.509
y.silva,unix,0.5
o.garcia,unix,0.612
d.khan,unix,0.663
b.moreau,unix,1.147
h.lopez,dba,1.406
j.chen,dba,0.5
g.young,dba,0.572
h.morgan,dba,1.192
b.walker,dba,0.722
h.ward,dba,0.99
t.fischer,network,0.86
v.kowalski,network,0.795
n.sato,network,1.038
v.jensen,network,1.769
o.costa,network,2.2
g.martin,network,0.5
i.haas,network,0.817
a.olsen,helpdesk,0.769
m.bauer,helpdesk,1.44
k.reyes,helpdesk,1.655
y.park,helpdesk,0.593
r.singh,helpdesk,1.115
e.wagner,helpdesk,0.996
a.meyer,helpdesk,1.018
b.popescu,helpdesk,2.2
g.horvat,helpdesk,0.5
g.larsen,helpdesk,0.976
p.ahmed,helpdesk,0.647
c.baker,helpdesk,2.2
d.carter,helpdesk,0.593
n.evans,helpdesk,1.823
j.foster,helpdesk,0.74
v.green,helpdesk,0.558
m.hughes,helpdesk,1.082
l.king,cloud,0.719
s.lewis,cloud,1.729
s.mills,cloud,0.971
c.nash,cloud,1.079
k.owen,cloud,1.654
j.price,cloud,0.804
i.reed,cloud,0.805
z.stone,cloud,1.404
