user,weight,accounts
Administrator,0.530,root@lnx-web-04.corp.example.test root@k8s-master-04.corp.example.test svc_backup@bkp-01.corp.example.test administrator@srv-ex-03.corp.example.test administrator@dc-01.corp.example.test
a.ivanova,0.699,admin@sw-core-03.corp.example.test administrator@srv-app-01.corp.example.test
d.petrov,0.616,root@k8s-master-01.corp.example.test root@lnx-web-02.corp.example.test svc_backup@bkp-02.corp.example.test oracle@ora-db-02.corp.example.test
e.smirnov,1.266,root@lnx-web-03.corp.example.test admin@sw-core-04.corp.example.test svc_backup@bkp-01.corp.example.test administrator@dc-03.corp.example.test
i.kuznetsova,0.918,root@lnx-db-02.corp.example.test root@lnx-web-02.corp.example.test root@lnx-db-01.corp.example.test admin@fw-02.corp.example.test
k.popov,0.432,administrator@srv-ex-02.corp.example.test sa@sql-03.corp.example.test admin@fw-02.corp.example.test root@lnx-db-02.corp.example.test administrator@srv-file-03.corp.example.test
l.sokolov,9,administrator@srv-app-02.corp.example.test root@esxi-01.corp.example.test
m.lebedev,0.578,root@lnx-web-04.corp.example.test administrator@srv-ex-02.corp.example.test
n.kozlova,9,root@lnx-db-02.corp.example.test root@k8s-master-02.corp.example.test
o.novikov,0.477,administrator@srv-file-01.corp.example.test administrator@srv-file-03.corp.example.test root@k8s-master-04.corp.example.test
p.morozov,9,sa@sql-05.corp.example.test svc_sccm@sccm-02.corp.example.test
r.volkova,0.258,svc_backup@bkp-03.corp.example.test administrator@srv-file-01.corp.example.test
s.solovyov,9,administrator@srv-app-01.corp.example.test root@k8s-master-02.corp.example.test
t.vasiliev,0.431,root@lnx-web-03.corp.example.test administrator@srv-file-02.corp.example.test oracle@ora-db-03.corp.example.test
v.zaytsev,9,root@lnx-db-01.corp.example.test root@lnx-web-01.corp.example.test
y.pavlova,0.718,root@esxi-01.corp.example.test postgres@pg-03.corp.example.test svc_backup@bkp-04.corp.example.test sa@sql-02.corp.example.test
g.semenov,9,administrator@srv-app-03.corp.example.test root@lnx-web-01.corp.example.test
b.golubev,9,administrator@srv-ex-01.corp.example.test administrator@dc-02.corp.example.test
f.vinogradov,0.768,admin@fw-01.corp.example.test sa@sql-04.corp.example.test svc_backup@bkp-05.corp.example.test
j.bogdanova,0.644,administrator@srv-app-03.corp.example.test root@lnx-web-04.corp.example.test admin@sw-core-03.corp.example.test
h.vorobyov,0.798,admin@fw-03.corp.example.test root@k8s-master-03.corp.example.test oracle@ora-db-01.corp.example.test administrator@srv-app-04.corp.example.test
a.fedorov,0.400,root@k8s-master-01.corp.example.test administrator@srv-app-03.corp.example.test administrator@srv-file-01.corp.example.test sa@sql-04.corp.example.test
d.mikhailova,9,root@k8s-master-02.corp.example.test root@k8s-master-01.corp.example.test
e.belyaev,9,root@k8s-master-01.corp.example.test admin@sw-core-03.corp.example.test
i.tarasov,9,postgres@pg-02.corp.example.test administrator@srv-app-02.corp.example.test
k.belov,1.143,oracle@ora-db-01.corp.example.test postgres@pg-02.corp.example.test admin@sw-core-02.corp.example.test root@k8s-master-03.corp.example.test root@lnx-web-02.corp.example.test
l.komarova,2.500,sa@sql-01.corp.example.test admin@sw-core-04.corp.example.test administrator@srv-ex-01.corp.example.test administrator@srv-file-02.corp.example.test root@lnx-db-03.corp.example.test
m.orlov,9,administrator@dc-03.corp.example.test admin@sw-core-02.corp.example.test
n.kiselev,0.323,oracle@ora-db-02.corp.example.test administrator@srv-ex-01.corp.example.test administrator@srv-file-03.corp.example.test
o.makarova,0.610,postgres@pg-02.corp.example.test admin@sw-core-01.corp.example.test administrator@dc-02.corp.example.test oracle@ora-db-01.corp.example.test
p.andreev,0.965,administrator@dc-01.corp.example.test sa@sql-02.corp.example.test svc_sccm@sccm-02.corp.example.test root@lnx-db-02.corp.example.test administrator@srv-app-03.corp.example.test
r.kovalev,0.200,oracle@ora-db-02.corp.example.test root@lnx-web-04.corp.example.test oracle@ora-db-03.corp.example.test administrator@srv-file-01.corp.example.test root@k8s-master-03.corp.example.test
s.ilyina,9,administrator@dc-02.corp.example.test root@lnx-db-01.corp.example.test
t.gusev,0.218,root@k8s-master-04.corp.example.test svc_sccm@sccm-02.corp.example.test administrator@srv-ex-02.corp.example.test administrator@srv-app-04.corp.example.test
v.titov,0.693,sa@sql-02.corp.example.test svc_backup@bkp-03.corp.example.test
y.kuzmina,9,sa@sql-03.corp.example.test svc_sccm@sccm-01.corp.example.test
g.kudryavtsev,9,root@lnx-db-03.corp.example.test administrator@srv-app-02.corp.example.test
b.baranov,1.114,root@k8s-master-03.corp.example.test administrator@srv-file-03.corp.example.test administrator@dc-02.corp.example.test sa@sql-05.corp.example.test postgres@pg-03.corp.example.test
f.kulikova,0.576,administrator@srv-ex-03.corp.example.test administrator@srv-file-03.corp.example.test sa@sql-02.corp.example.test
j.alekseev,0.647,svc_backup@bkp-04.corp.example.test root@lnx-db-01.corp.example.test svc_backup@bkp-05.corp.example.test
h.stepanov,0.785,administrator@srv-ex-03.corp.example.test administrator@srv-ex-01.corp.example.test postgres@pg-04.corp.example.test
i.tarasova,0.475,administrator@srv-app-07.corp.example.test root@esxi-01.corp.example.test administrator@srv-app-01.corp.example.test
d.klimov,0.517,administrator@srv-rds-05.corp.example.test admin@sw-core-01.corp.example.test
d.abramov,0.427,root@lnx-app-12.corp.example.test root@esxi-08.corp.example.test administrator@vcsa-03.corp.example.test
v.bobrova,1.678,admin@sw-acc-02.corp.example.test administrator@srv-app-07.corp.example.test
g.melnikova,1.347,root@k8s-master-02.corp.example.test administrator@srv-ex-01.corp.example.test administrator@srv-app-05.corp.example.test
k.kolesnikov,0.935,sa@sql-09.corp.example.test admin@sw-acc-09.corp.example.test root@lnx-web-03.corp.example.test root@lnx-app-08.corp.example.test administrator@srv-rds-08.corp.example.test
s.lukin,1.000,administrator@hv-04.corp.example.test
r.sidorov,0.524,admin@sw-core-03.corp.example.test
e.panov,0.910,root@k8s-master-01.corp.example.test admin@sw-core-06.corp.example.test admin@sw-core-03.corp.example.test root@lnx-web-06.corp.example.test sa@sql-04.corp.example.test
a.tretyakov,0.784,root@lnx-db-09.corp.example.test root@lnx-db-10.corp.example.test admin@fw-03.corp.example.test postgres@pg-06.corp.example.test
v.afanasiev,0.291,administrator@hv-05.corp.example.test administrator@srv-file-03.corp.example.test administrator@srv-app-11.corp.example.test
m.klimov,0.956,root@mq-05.corp.example.test admin@sw-core-03.corp.example.test administrator@srv-rds-07.corp.example.test root@mq-02.corp.example.test administrator@srv-app-12.corp.example.test
b.fedotova,0.327,svc_backup@bkp-07.corp.example.test administrator@srv-file-01.corp.example.test administrator@srv-app-02.corp.example.test
l.bobrova,0.929,root@lnx-app-13.corp.example.test root@lnx-app-12.corp.example.test root@lnx-web-08.corp.example.test
a.kudryashova,0.281,administrator@srv-file-03.corp.example.test root@lnx-db-10.corp.example.test admin@fw-05.corp.example.test postgres@pg-01.corp.example.test
l.kulikov,0.365,root@lnx-app-14.corp.example.test administrator@srv-file-01.corp.example.test root@lnx-web-05.corp.example.test
r.gavrilov,1.875,administrator@srv-ex-04.corp.example.test admin@sw-acc-10.corp.example.test administrator@srv-ex-01.corp.example.test oracle@ora-db-04.corp.example.test
s.loginov,0.572,administrator@dc-03.corp.example.test
o.martynov,0.470,root@lnx-app-11.corp.example.test svc_backup@bkp-08.corp.example.test
o.ershova,0.682,root@esxi-03.corp.example.test administrator@srv-app-08.corp.example.test root@esxi-02.corp.example.test root@esxi-01.corp.example.test
r.shubin,0.568,root@lnx-app-14.corp.example.test root@lnx-web-01.corp.example.test admin@sw-acc-05.corp.example.test root@lnx-app-10.corp.example.test
l.blinova,0.947,root@lnx-app-12.corp.example.test admin@sw-core-06.corp.example.test administrator@srv-ex-03.corp.example.test root@mq-02.corp.example.test
a.melnikova,0.817,svc_backup@bkp-07.corp.example.test administrator@srv-ex-03.corp.example.test
p.antonov,0.477,admin@sw-acc-02.corp.example.test root@lnx-web-13.corp.example.test oracle@ora-db-03.corp.example.test
e.gavrilov,0.622,root@esxi-08.corp.example.test root@mq-05.corp.example.test
e.orlova,0.382,postgres@pg-04.corp.example.test
o.markova,0.323,admin@sw-core-01.corp.example.test
m.nazarov,2.431,admin@sw-acc-01.corp.example.test root@lnx-app-08.corp.example.test root@lnx-db-08.corp.example.test postgres@pg-04.corp.example.test root@mq-03.corp.example.test
i.zhuravlev,0.891,administrator@srv-file-03.corp.example.test sa@sql-01.corp.example.test root@lnx-web-01.corp.example.test
k.naumov,1.434,sa@sql-04.corp.example.test administrator@srv-rds-07.corp.example.test administrator@srv-app-09.corp.example.test administrator@srv-app-08.corp.example.test
b.krylova,1.739,admin@sw-acc-09.corp.example.test administrator@hv-02.corp.example.test
y.bykov,1.645,root@lnx-web-05.corp.example.test administrator@srv-app-08.corp.example.test
o.denisov,0.356,postgres@pg-02.corp.example.test root@lnx-db-03.corp.example.test root@lnx-app-02.corp.example.test
r.zimina,0.971,root@lnx-app-07.corp.example.test svc_sccm@sccm-05.corp.example.test oracle@ora-db-04.corp.example.test svc_sccm@sccm-03.corp.example.test
m.bogdanov,0.588,svc_backup@bkp-08.corp.example.test
t.tikhonov,0.383,root@k8s-master-06.corp.example.test administrator@srv-app-06.corp.example.test root@lnx-app-01.corp.example.test
r.orlova,0.472,administrator@srv-rds-02.corp.example.test sa@sql-07.corp.example.test
m.kuzmin,0.832,root@esxi-08.corp.example.test root@esxi-04.corp.example.test
o.vlasova,0.783,administrator@hv-02.corp.example.test postgres@pg-01.corp.example.test
f.nazarov,1.513,root@lnx-db-05.corp.example.test root@mq-04.corp.example.test root@lnx-app-03.corp.example.test
g.gavrilov,0.475,svc_backup@bkp-04.corp.example.test administrator@srv-file-06.corp.example.test
i.filippov,0.205,root@lnx-app-01.corp.example.test root@lnx-web-03.corp.example.test administrator@vcsa-03.corp.example.test
i.davydov,1.288,root@esxi-10.corp.example.test root@mq-05.corp.example.test
y.matveev,0.604,svc_backup@bkp-06.corp.example.test root@esxi-04.corp.example.test administrator@srv-app-04.corp.example.test
l.naumov,0.872,root@lnx-web-11.corp.example.test svc_sccm@sccm-05.corp.example.test root@k8s-master-02.corp.example.test admin@sw-core-07.corp.example.test root@lnx-db-03.corp.example.test
s.klimov,1.116,root@esxi-08.corp.example.test admin@fw-05.corp.example.test
p.tikhonov,1.216,svc_backup@bkp-07.corp.example.test
b.zuev,0.610,root@esxi-06.corp.example.test svc_backup@bkp-07.corp.example.test root@k8s-master-02.corp.example.test
d.suvorov,0.400,root@lnx-web-07.corp.example.test
l.danilova,1.987,root@lnx-app-12.corp.example.test administrator@srv-file-08.corp.example.test sa@sql-04.corp.example.test
v.filippov,0.551,administrator@dc-04.corp.example.test root@mq-04.corp.example.test admin@fw-05.corp.example.test
f.fedotova,0.364,administrator@srv-app-07.corp.example.test postgres@pg-02.corp.example.test
v.denisov,0.488,admin@fw-02.corp.example.test oracle@ora-db-02.corp.example.test oracle@ora-db-01.corp.example.test
t.markova,0.428,administrator@dc-01.corp.example.test administrator@srv-ex-02.corp.example.test
s.karpova,0.736,root@k8s-master-06.corp.example.test
y.sorokina,0.492,admin@sw-acc-09.corp.example.test root@mq-03.corp.example.test administrator@srv-rds-01.corp.example.test root@lnx-db-10.corp.example.test sa@sql-03.corp.example.test
s.blinova,0.269,root@lnx-web-09.corp.example.test administrator@srv-rds-02.corp.example.test root@mq-02.corp.example.test root@lnx-web-06.corp.example.test
i.khokhlova,0.746,administrator@srv-app-10.corp.example.test svc_backup@bkp-03.corp.example.test
d.gavrilov,0.900,root@lnx-db-08.corp.example.test oracle@ora-db-03.corp.example.test
r.khokhlova,0.299,administrator@srv-app-04.corp.example.test
d.filippov,0.526,root@lnx-web-10.corp.example.test root@lnx-web-14.corp.example.test sa@sql-03.corp.example.test root@mq-03.corp.example.test administrator@hv-02.corp.example.test
v.martynov,0.697,administrator@srv-app-11.corp.example.test root@esxi-01.corp.example.test root@esxi-03.corp.example.test root@lnx-web-09.corp.example.test administrator@srv-file-03.corp.example.test
g.gerasimova,0.258,root@lnx-app-03.corp.example.test root@lnx-db-05.corp.example.test root@lnx-app-01.corp.example.test root@esxi-06.corp.example.test root@lnx-web-08.corp.example.test
o.kudryashova,0.987,root@lnx-web-07.corp.example.test
n.gavrilov,2.017,administrator@hv-04.corp.example.test admin@sw-acc-04.corp.example.test root@lnx-app-10.corp.example.test
e.lazarev,1.504,administrator@hv-03.corp.example.test
f.gorbunov,0.572,svc_sccm@sccm-02.corp.example.test administrator@dc-04.corp.example.test root@esxi-09.corp.example.test
e.efimova,0.599,svc_backup@bkp-01.corp.example.test root@esxi-03.corp.example.test root@lnx-app-12.corp.example.test
g.ustinov,0.842,sa@sql-08.corp.example.test root@k8s-master-01.corp.example.test
m.vlasov,0.664,administrator@srv-rds-05.corp.example.test root@lnx-app-04.corp.example.test administrator@srv-ex-02.corp.example.test
o.andreeva,1.601,administrator@srv-ex-01.corp.example.test admin@sw-core-07.corp.example.test root@k8s-master-06.corp.example.test admin@sw-acc-09.corp.example.test
i.safonov,0.935,svc_sccm@sccm-01.corp.example.test root@k8s-master-02.corp.example.test admin@fw-02.corp.example.test
b.matveev,0.437,postgres@pg-01.corp.example.test admin@fw-04.corp.example.test administrator@srv-ex-02.corp.example.test
i.orlova,1.027,postgres@pg-02.corp.example.test
m.ershova,1.135,root@lnx-app-13.corp.example.test administrator@srv-ex-04.corp.example.test admin@sw-acc-06.corp.example.test administrator@srv-app-04.corp.example.test administrator@srv-app-01.corp.example.test
v.vlasov,0.808,root@lnx-db-03.corp.example.test admin@sw-core-02.corp.example.test admin@sw-acc-09.corp.example.test sa@sql-02.corp.example.test root@lnx-app-12.corp.example.test
l.kryukov,0.967,root@lnx-app-09.corp.example.test administrator@srv-rds-07.corp.example.test admin@sw-core-08.corp.example.test
i.blinova,1.490,administrator@srv-ex-01.corp.example.test root@lnx-web-12.corp.example.test administrator@srv-rds-01.corp.example.test administrator@srv-ex-03.corp.example.test sa@sql-09.corp.example.test
v.zakharov,0.942,administrator@srv-file-06.corp.example.test svc_backup@bkp-04.corp.example.test
