label,published,weight
www,true,0.5000
mail,true,0.3333
vpn,true,0.2500
api,true,0.2000
app,true,0.1667
portal,true,0.1429
sso,true,0.1250
status,true,0.1111
cdn,true,0.1000
git,true,0.0909
docs,true,0.0833
monitor,true,0.0769
backup,true,0.0714
ns1,true,0.0667
ns2,true,0.0625
smtp,true,0.0588
intranet,true,0.0556
wiki,true,0.0526
crm,true,0.0500
files,true,0.0476
proxy,true,0.0455
ldap,true,0.0435
dc01,true,0.0417
dc02,true,0.0400
jira,true,0.0385
grafana,true,0.0370
owa,true,0.0357
autodiscover,true,0.0345
dev,false,1
test,false,1
staging,false,1
beta,false,1
old,false,1
admin,false,1
remote,false,1
webmail,false,1
ftp,false,1
db,false,1
sql,false,1
jenkins,false,1
gitlab,false,1
vault,false,1
citrix,false,1
exchange,false,1
mobile,false,1
shop,false,1
support,false,1
demo,false,1
uat,false,1
qa,false,1
secure,false,1
login,false,1
auth,false,1
mx2,false,1
vpn2,false,1
www2,false,1
