volume,vserver,node,snapshot_weight,arw_weight
vol_vmware_ds01,svm_nfs01,cluster1-01,24,1
vol_vmware_ds02,svm_nfs01,cluster1-02,24,1
vol_vmware_ds03,svm_nfs01,cluster1-01,24,1
vol_vmware_ds04,svm_nfs01,cluster1-02,24,1
vol_vmware_ds05,svm_nfs01,cluster1-01,24,1
vol_vmware_ds06,svm_nfs01,cluster1-02,24,1
vol_vmware_ds07,svm_nfs01,cluster1-01,24,1
vol_vmware_ds08,svm_nfs01,cluster1-02,24,1
vol_oracle_data01,svm_nfs01,cluster1-01,24,1
vol_oracle_data02,svm_nfs01,cluster1-02,24,1
vol_oracle_logs01,svm_nfs01,cluster1-01,48,1
vol_oracle_logs02,svm_nfs01,cluster1-02,48,1
vol_k8s_pv01,svm_nfs01,cluster1-01,12,1
vol_k8s_pv02,svm_nfs01,cluster1-02,12,1
vol_k8s_pv03,svm_nfs01,cluster1-01,12,1
vol_k8s_pv04,svm_nfs01,cluster1-02,12,1
vol_vdi01,svm_nfs01,cluster1-01,12,1
vol_vdi02,svm_nfs01,cluster1-02,12,1
vol_vdi03,svm_nfs01,cluster1-01,12,1
vol_vdi04,svm_nfs01,cluster1-02,12,1
vol_backup_stage,svm_nfs01,cluster1-02,6,45
vol_ci_cache,svm_nfs01,cluster1-01,6,45
vol_archive01,svm_nfs01,cluster1-02,1,1
vol_archive02,svm_nfs01,cluster1-01,1,1
vol_home01,svm_cifs01,cluster1-01,6,1
vol_home02,svm_cifs01,cluster1-02,6,1
vol_home03,svm_cifs01,cluster1-01,6,1
vol_home04,svm_cifs01,cluster1-02,6,1
vol_projects,svm_cifs01,cluster1-01,6,1
vol_finance,svm_cifs01,cluster1-02,6,1
vol_profiles,svm_cifs01,cluster1-02,6,1
vol_hr,svm_cifs01,cluster1-01,6,1
vol_legal,svm_cifs01,cluster1-02,6,1
vol_scans,svm_cifs01,cluster1-01,6,45
vol_sql_data01,svm_cifs01,cluster1-01,24,1
vol_sql_data02,svm_cifs01,cluster1-02,24,1
vol_sql_data03,svm_cifs01,cluster1-01,24,1
vol_sql_data04,svm_cifs01,cluster1-02,24,1
vol_sql_logs01,svm_cifs01,cluster1-02,96,1
vol_sql_logs02,svm_cifs01,cluster1-01,96,1
vol_sql_logs03,svm_cifs01,cluster1-02,96,1
vol_sql_logs04,svm_cifs01,cluster1-01,96,1
vol_exch_db01,svm_iscsi01,cluster1-01,24,1
vol_exch_db02,svm_iscsi01,cluster1-02,24,1
vol_exch_log01,svm_iscsi01,cluster1-01,24,1
vol_exch_log02,svm_iscsi01,cluster1-02,24,1
vol_esx_boot01,svm_iscsi01,cluster1-01,1,1
vol_esx_boot02,svm_iscsi01,cluster1-02,1,1
