mac,name,vendor,os,weight,home,service_ips
00:21:cc:44:78:79,ENG-LT01,Lenovo,Windows 10 Enterprise,5,10.20.30,10.20.30.13;10.20.30.21
54:ee:75:75:6d:42,ENG-LT02,Lenovo,Windows 10 Enterprise,5,10.20.31,
54:ee:75:cb:f5:46,ENG-LT03,Lenovo,Windows 10 Enterprise,5,10.20.40,
f8:bc:12:ba:90:0e,ENG-LT04,Dell,Windows 10 Enterprise,3,10.20.30,
3c:52:82:33:57:4d,ENG-LT05,HP,Windows 10 Enterprise,6,10.20.31,10.20.31.15;10.20.31.16
f8:bc:12:48:ef:ed,ENG-LT06,Dell,Windows 10 Enterprise,5,10.20.40,10.20.40.18;10.20.40.19
f8:bc:12:91:c3:b1,ENG-LT07,Dell,Windows 10 Enterprise,2,10.20.30,
3c:52:82:56:4c:99,ENG-LT08,HP,Windows 10 Enterprise,2,10.20.31,
8c:16:45:ac:05:cd,ENG-LT09,Lenovo,Windows 10 Enterprise,2,10.20.40,
00:21:cc:89:fb:e1,ENG-LT10,Lenovo,Windows 10 Enterprise,5,10.20.30,
00:21:cc:dd:07:82,ENG-LT11,Lenovo,Windows 10 Enterprise,3,10.20.31,
8c:16:45:a6:8c:8b,ENG-LT12,Lenovo,Windows 10 Enterprise,3,10.20.40,
54:ee:75:10:58:96,ENG-LT13,Lenovo,Windows 10 Enterprise,4,10.20.30,
98:fa:9b:68:51:d6,ENG-LT14,Lenovo,Windows 10 Enterprise,5,10.20.31,
98:fa:9b:00:a8:79,CONTR-LT01,Lenovo,Windows 11 Pro,3,10.20.40,
3c:52:82:a6:9a:ec,CONTR-LT02,HP,Windows 11 Pro,3,10.20.30,
54:ee:75:5c:e5:14,CONTR-LT03,Lenovo,Windows 11 Pro,2,10.20.31,
3c:52:82:cc:ad:7b,CONTR-LT04,HP,Windows 11 Pro,1,10.20.40,
f8:bc:12:e0:56:86,CONTR-LT05,Dell,Windows 11 Pro,3,10.20.30,
8c:16:45:95:04:7f,CONTR-LT06,Lenovo,Windows 11 Pro,2,10.20.31,
f8:bc:12:4e:0b:78,CONTR-LT07,Dell,Windows 11 Pro,3,10.20.40,
f8:bc:12:1e:71:60,CONTR-LT08,Dell,Windows 11 Pro,2,10.20.30,
00:21:cc:06:a9:07,CONTR-LT09,Lenovo,Windows 11 Pro,3,10.20.31,
98:fa:9b:f6:57:a2,CONTR-LT10,Lenovo,Windows 11 Pro,2,10.20.40,
3c:52:82:69:ea:8d,CONTR-LT11,HP,Windows 11 Pro,1,10.20.30,
54:ee:75:39:f5:b7,CONTR-LT12,Lenovo,Windows 11 Pro,1,10.20.31,
f8:bc:12:09:52:bf,,,,1,10.20.40,
3c:52:82:0e:ea:7d,,,,3,10.20.30,
54:ee:75:07:5d:27,,,,1,10.20.31,
f8:bc:12:32:29:84,,,,2,10.20.40,
98:fa:9b:09:a2:96,,,,2,10.20.30,
98:fa:9b:01:85:4f,DIAG-01,Lenovo,Windows 10 IoT,2,10.20.31,
00:21:cc:61:10:a5,DIAG-02,Lenovo,Windows 10 IoT,2,10.20.40,
54:ee:75:74:d5:df,DIAG-03,Lenovo,Windows 10 IoT,3,10.20.30,
f8:bc:12:12:3b:7c,DIAG-04,Dell,Windows 10 IoT,2,10.20.31,
8c:16:45:89:c4:6c,DIAG-05,Lenovo,Windows 10 IoT,3,10.20.40,
f8:bc:12:94:ed:4b,ENG-LT15,Dell,Windows 10 Enterprise,4,10.20.30,
8c:16:45:79:bb:f6,ENG-LT16,Lenovo,Windows 10 Enterprise,3,10.20.31,
3c:52:82:04:9f:d8,ENG-LT17,HP,Windows 10 Enterprise,4,10.20.40,
8c:16:45:e3:e5:43,ENG-LT18,Lenovo,Windows 10 Enterprise,3,10.20.30,
f8:bc:12:5f:f8:de,ENG-LT19,Dell,Windows 11 Enterprise,3,10.20.31,
54:ee:75:5f:82:a1,ENG-LT20,Lenovo,Windows 11 Enterprise,2,10.20.40,
3c:52:82:4a:04:42,CONTR-LT13,HP,Windows 11 Pro,3,10.20.30,
8c:16:45:e9:be:96,CONTR-LT14,Lenovo,Windows 11 Pro,2,10.20.31,
f8:bc:12:dd:e1:60,CONTR-LT15,Dell,Windows 11 Pro,3,10.20.40,
00:21:cc:bf:0a:d5,CONTR-LT16,Lenovo,Windows 11 Pro,2,10.20.30,
3c:52:82:7c:aa:de,CONTR-LT17,HP,Windows 11 Pro,1,10.20.31,
f8:bc:12:f8:66:07,CONTR-LT18,Dell,Windows 11 Pro,2,10.20.40,
54:ee:75:53:45:5c,DIAG-06,Lenovo,Windows 10 IoT,3,10.20.30,
f8:bc:12:3d:e2:25,DIAG-07,Dell,Windows 10 IoT,2,10.20.31,
00:21:cc:55:81:ad,,,,2,10.20.40,
f8:bc:12:64:52:43,,,,1,10.20.30,
3c:52:82:d1:9b:4d,,,,2,10.20.31,
00:21:cc:31:da:49,,,,1,10.20.40,
