username,kind,os_username,hosts,sessions_per_day,statements_median,workload,episode
REPORT_USER,analyst,kpatel,wkst-012.corp.example:6|wkst-013.corp.example:4,10,5,sales,no
BI_ANALYST,analyst,lgarcia,wkst-020.corp.example:1,11,6,bi,no
HR_ANALYST,analyst,aokafor,wkst-031.corp.example:1,10,5,hr,no
AUDIT_RO,analyst,sdubois,wkst-040.corp.example:7|jump01.corp.example:3,7,4,audit,no
FIN_ANALYST,analyst,tnakamura,wkst-052.corp.example:1,10,5,finance,no
SEC_ADMIN,admin,jlee,admin01.corp.example:85|jump01.corp.example:15,34,2,access_admin,yes
FINANCE_DBA,admin,mnovak,wkst-091.corp.example:80|jump01.corp.example:12|wkst-044.corp.example:8,34,2,finance_dba,yes
DBA_CHEN,admin,wchen,wkst-083.corp.example:9|jump01.corp.example:1,30,2,dba,yes
DBA_MARTIN,admin,pmartin,wkst-077.corp.example:7|jump01.corp.example:3,16,2,dba_light,no
